Ticker,Name,Sector,Score,Action,Composite_Flag,Moat_Score,Moat_Label,Moat_Brand,Moat_Switching,Moat_Network,HG_Score,HG_Label,HG_Growth,HG_Leverage,HG_PMF,HG_Discovery,Rev_Accel_Streak,GM_Expansion_4Q,Op_Leverage_Ratio,Rule_Of_40,EV_Sales_Div_Growth,RD_Pct_Rev,Deferred_Rev_Growth,Cash_Runway_Qtrs,Price,Target,Upside,Mkt_Cap,PE_Fwd,PS,PB,PEG,EV_EBITDA,ROE,Rev_Growth,Rev_Growth_Prev,Gross_Margin,Op_Margin,Profit_Margin,FCF_Yield,EPS_Growth,EPS_Surprise,From_Low_Pct,From_High_Pct,Debt_Equity,Beta,Short_Float,Inst_Own,Insider_Buy_Pct,Div_Yield,Payout_Ratio,ROA,Current_Ratio,MA200,Vs_MA200,Analyst_Target,Analyst_Count,Analyst_Upside
TSM,Taiwan Semiconductor Manufactur,Technology,85.5,STRONG BUY,🚀 Rocket · 🏰 Wide Moat · ⭐ Compounder · 🚀 Accel Growth · 💎 Deep Value · 💰 Income · 📐 Rule of 40,84.7,Wide,21.0,28.3,19.4,70.3,🚀 Rocket,15.7,18.6,-0.8,7.1,,6.1,4.56,52.5,0.108,6.5,,,476.74,552.26,15.84,$2.5T,21.74,0.56,98.15,0.9,5.43,40.0,36.0,14.57,64.23,60.34,49.92,29.56,77.4,,78.67,-0.99,0.17,1.24,0.57,15.47,100.0,80.0,25.44,19.0,2.46,387.17,23.13,552.26,20.0,15.84
MU,"Micron Technology, Inc.",Technology,83.1,STRONG BUY,🚀 Rocket · 🏰 Wide Moat · 🚀 Accel Growth · 📈 Analyst Conviction · 💰 Income · 📐 Rule of 40 Elite · ⚠️ High Beta,93.7,Wide,24.4,32.0,30.2,71.4,🚀 Rocket,19.0,22.2,-1.1,2.7,,31.4,24.25,401.2,0.023,10.2,-11.1,,1058.575,1521.76,43.76,$1.2T,5.14,8.98,11.87,0.16,10.81,88.0,379.3,110.87,80.72,80.68,63.8,2.44,1077.8,,489.37,-15.65,0.04,2.23,2.45,79.9,100.0,6.0,1.12,44.56,3.31,681.61,55.31,1521.76,46.0,43.76
CVE,Cenovus Energy Inc,Energy,80.3,STRONG BUY,🔥 HG High · 🏰 Wide Moat · ⭐ Compounder · 🚀 Accel Growth · 💎 Deep Value · 💰 Income · 📐 Rule of 40,77.8,Wide,9.2,22.5,23.4,68.4,🔥 High,10.8,16.8,-0.8,10.0,,6.3,2.35,51.7,0.031,,,,30.895,37.01,19.79,$57.0B,11.75,1.06,2.36,0.05,4.76,21.0,41.5,1.09,29.86,23.83,12.36,9.61,237.3,,97.66,-9.56,0.34,0.6,,54.2,100.0,192.0,22.84,9.23,1.63,25.96,19.01,37.01,2.0,19.79
NVDA,NVIDIA Corporation,Technology,80.2,STRONG BUY,🚀 Rocket · 🏰 Wide Moat · 🚀 Accel Growth · 📈 Analyst Conviction · 💰 Income · 📐 Rule of 40 Elite · ⚠️ High Beta,91.5,Wide,20.1,32.0,30.2,70.5,🚀 Rocket,15.8,13.2,9.3,2.7,,1.0,1.13,119.7,0.175,8.6,50.5,,237.2,328.72,38.58,$5.7T,15.01,18.91,25.01,0.29,27.9,117.0,105.9,43.17,74.67,66.24,63.66,0.73,125.9,,44.4,-0.29,0.17,2.22,1.27,71.4,100.0,43.0,3.54,53.57,4.59,200.71,18.18,328.72,59.0,38.58
GAU,Galiano Gold Inc.,Basic Materials,80.2,STRONG BUY,🔥 HG High · 🏰 Wide Moat · 🚀 Accel Growth · 📐 Rule of 40 Elite,83.6,Wide,12.9,23.3,30.2,60.4,🔥 High,11.0,4.8,2.8,2.1,,-5.6,-0.14,118.2,0.008,,,,1.975,3.92,98.48,$517M,2.59,0.97,1.63,0.45,2.18,29.0,116.7,45.82,54.6,48.73,13.71,1.5,220.2,,18.98,-45.44,0.23,1.63,1.25,78.71,100.0,,,19.28,1.23,2.39,-17.36,3.92,2.0,98.48
HRMY,"Harmony Biosciences Holdings, I",Healthcare,79.7,STRONG BUY,🔥 HG High · 🏰 Wide Moat · 🚀 Accel Growth · 💎 Deep Value · 📐 Rule of 40,89.4,Wide,25.2,26.5,26.4,61.3,🔥 High,10.1,5.2,-0.8,8.1,,-1.0,-0.44,49.3,0.062,21.8,,,39.86,47.64,19.52,$2.3B,5.69,2.42,2.32,0.06,7.04,20.0,30.3,-10.05,75.42,34.18,18.88,7.88,89.6,,56.19,-8.35,0.16,1.01,10.62,99.67,100.0,,,11.62,3.48,34.64,15.07,47.64,11.0,19.52
SU,Suncor Energy  Inc.,Energy,78.3,STRONG BUY,🔥 HG High · 🏰 Wide Moat · 🚀 Accel Growth · 💰 Income · 📐 Rule of 40 Elite,88.5,Wide,28.6,22.5,25.2,64.5,🔥 High,11.5,19.2,-2.6,0.9,,8.0,1.86,62.2,0.035,,,,68.585,69.77,1.73,$81.0B,11.83,1.43,2.33,11.4,4.65,19.0,45.9,13.69,60.4,29.94,15.78,11.4,229.1,,81.59,-4.82,0.3,0.59,,72.2,90.0,244.0,31.64,8.58,1.65,60.38,13.59,69.77,3.0,1.73
KGC,Kinross Gold Corporation,Basic Materials,78.2,STRONG BUY,🔥 HG High · 🏰 Wide Moat · ⭐ Compounder · 💰 Income · 📐 Rule of 40 Elite,87.5,Wide,27.6,29.8,16.8,61.5,🔥 High,3.9,8.4,1.3,9.3,,1.6,0.64,64.9,0.107,,,,23.6699,34.05,43.85,$28.1B,8.54,3.31,2.91,1.12,4.97,37.0,29.5,33.61,69.11,52.48,37.52,10.67,59.1,,7.54,-39.48,0.08,1.52,,68.73,,66.0,5.51,21.41,2.89,29.48,-19.71,34.05,10.0,43.85
TNK,Teekay Tankers Ltd.,Energy,77.5,BUY,🚀 Rocket · 🏰 Wide Moat · ⭐ Compounder · 🚀 Accel Growth · 💰 Income · 📐 Rule of 40 Elite,87.7,Wide,26.5,29.8,18.4,71.4,🚀 Rocket,16.9,21.0,-3.2,8.1,,20.0,3.95,82.8,0.033,,,,103.38,93.8,-9.27,$3.6B,9.48,3.11,1.51,1.1,4.7,28.0,63.0,24.92,50.33,49.98,51.35,6.36,260.8,,119.12,-2.01,0.02,-0.12,4.84,67.18,100.0,97.0,5.89,12.01,9.99,74.71,38.38,93.8,5.0,-9.27
IRWD,"Ironwood Pharmaceuticals, Inc.",Healthcare,76.9,BUY,🔥 HG High · 🏰 Wide Moat · 🚀 Accel Growth · 💎 Deep Value · 📐 Rule of 40 Elite,84.7,Wide,27.4,11.0,30.4,64.0,🔥 High,10.1,8.8,5.2,3.9,,,-7.59,63.9,0.072,32.1,13.3,,3.565,6.1,71.11,$589M,2.38,1.51,-3.64,0.02,3.86,,32.6,-12.74,77.22,70.16,33.36,20.68,117.3,,152.84,-38.32,,0.22,12.38,98.88,100.0,,,47.02,6.06,4.0,-10.88,6.1,4.0,71.11
PGY,Pagaya Technologies Ltd.,Technology,76.9,BUY,🔥 HG High · 🏰 Wide Moat · 🚀 Accel Growth · 💎 Deep Value · ⚠️ High Beta,70.1,Wide,4.5,15.9,19.5,68.0,🔥 High,3.5,10.1,2.8,19.6,,-0.4,1.36,33.5,0.047,6.0,,,18.59,28.91,55.51,$1.6B,4.5,1.12,2.61,0.03,3.42,19.0,18.6,-12.03,43.39,27.33,9.12,13.36,171.8,,78.75,-41.06,1.34,5.52,14.35,48.14,100.0,,,13.97,14.58,16.94,9.74,28.91,11.0,55.51
AVGO,Broadcom Inc.,Technology,76.8,BUY,🔥 HG High · 🏰 Wide Moat · 🚀 Accel Growth · 📈 Analyst Conviction · 💰 Income · 📐 Rule of 40 Elite,89.4,Wide,22.4,25.5,30.2,67.3,🔥 High,15.8,22.0,-1.1,-2.1,,1.0,1.96,119.8,0.227,17.2,-1.2,,358.085,531.31,48.38,$1.7T,18.46,19.18,17.15,0.35,33.12,44.0,85.5,23.16,75.51,54.31,42.94,1.79,216.1,,23.49,-27.66,0.6,1.48,1.11,79.79,100.0,73.0,32.44,15.37,2.5,367.5,-2.56,531.31,47.0,48.38
NXPI,NXP Semiconductors N.V.,Technology,76.6,BUY,🔥 HG High · 🏰 Wide Moat · ⭐ Compounder · 🚀 Accel Growth · 💎 Deep Value · 📈 Analyst Conviction · 💰 Income · 📐 Rule of 40,78.3,Wide,11.8,19.7,24.5,54.1,🔥 High,5.9,5.2,-0.8,-2.1,,2.2,-0.75,46.5,0.271,19.2,,,239.565,310.52,29.62,$60.4B,13.21,4.58,5.3,0.48,13.72,28.0,19.5,0.25,56.1,30.41,22.56,5.88,72.4,,30.91,-29.53,0.93,1.81,3.22,99.36,100.0,166.0,34.64,10.46,2.04,245.7,-2.5,310.52,29.0,29.62
COP,ConocoPhillips,Energy,76.4,BUY,🔥 HG High · 🏰 Wide Moat · 🚀 Accel Growth · 💰 Income · 📐 Rule of 40,85.1,Wide,25.0,18.1,26.4,61.6,🔥 High,8.7,18.6,-0.8,-3.3,,12.8,3.23,47.4,0.073,,,,125.5,145.85,16.22,$150.8B,12.98,2.34,2.31,1.07,6.27,14.0,35.5,4.86,47.57,31.51,14.4,5.1,99.4,,46.66,-11.38,0.36,0.24,1.34,86.93,100.0,265.0,43.71,7.53,1.54,116.53,7.7,145.85,26.0,16.22
CVX,Chevron Corporation,Energy,76.2,BUY,🔥 HG High · 🏰 Wide Moat · 🚀 Accel Growth · 💎 Deep Value · 💰 Income · 📐 Rule of 40 Elite,82.3,Wide,19.6,18.1,26.2,64.2,🔥 High,14.8,16.5,-2.6,-0.3,,6.2,1.75,64.0,0.039,,,,202.38,224.62,10.99,$397.0B,13.92,1.9,2.09,0.91,8.68,12.0,53.5,-1.27,44.27,21.87,9.83,5.53,384.8,,38.15,-7.07,0.19,0.52,1.06,71.17,100.0,344.0,67.18,5.86,1.25,186.64,8.43,224.62,24.0,10.99
PDD,PDD Holdings Inc.,Consumer Cyclical,75.5,BUY,🔥 HG High · 🏰 Wide Moat · ⭐ Compounder · 💎 Deep Value · 📈 Analyst Conviction,78.9,Wide,25.6,19.3,12.4,53.7,🔥 High,2.3,-2.0,1.3,5.8,,1.3,0.69,24.7,-0.095,3.8,7.8,,77.35,114.75,48.35,$110.1B,6.28,0.24,1.63,0.66,-3.49,23.0,8.1,-1.89,56.32,24.71,20.43,67.79,-11.6,,7.52,-44.52,0.01,-0.05,3.28,31.35,100.0,,,10.01,2.62,94.5,-18.15,114.75,34.0,48.35
HIG,"The Hartford Insurance Group, I",Financial Services,75.5,BUY,🏰 Wide Moat · ⭐ Compounder · 💎 Deep Value · 💰 Income,73.0,Wide,14.9,15.3,15.4,49.0,📈 Emerging,0.8,-1.6,-0.8,-0.3,,,-0.16,26.9,0.147,,,,126.29,149.15,18.1,$34.2B,9.21,1.17,1.78,0.12,6.24,22.0,8.1,0.06,37.87,17.62,14.89,16.1,30.5,,4.95,-13.54,0.22,0.49,1.46,96.2,100.0,190.0,16.42,3.85,1.77,135.9,-7.07,149.15,20.0,18.1
CF,"CF Industries Holdings, Inc.",Basic Materials,74.6,BUY,🏰 Wide Moat · ⭐ Compounder · 💎 Deep Value · 💰 Income,73.3,Wide,7.9,23.7,14.5,47.8,📈 Emerging,1.2,-1.6,-5.0,0.9,,12.4,-3.09,34.1,0.159,,-2.2,,115.38,127.69,10.67,$17.5B,10.45,2.26,3.04,0.5,5.61,30.0,17.6,19.71,42.49,49.33,27.12,7.31,88.3,,52.98,-18.72,0.41,0.53,7.73,108.98,100.0,209.0,14.84,12.93,4.86,112.49,2.57,127.69,20.0,10.67
AU,AngloGold Ashanti PLC,Basic Materials,74.4,BUY,🔥 HG High · 🏰 Wide Moat · ⭐ Compounder · 💎 Deep Value · 💰 Income · 📐 Rule of 40 Elite,81.4,Wide,16.6,32.0,13.6,55.0,🔥 High,3.9,4.8,-0.8,2.1,,1.9,-0.37,60.5,0.154,,,,93.83,117.5,25.23,$47.5B,9.39,4.01,5.35,0.78,6.87,45.0,27.0,33.88,54.83,51.19,32.2,8.34,49.8,,50.01,-27.34,0.17,0.74,0.9,73.13,100.0,476.0,61.66,24.86,2.71,96.85,-3.12,117.5,8.0,25.23
GEN,Gen Digital Inc.,Technology,74.0,BUY,🔥 HG High · 🏰 Wide Moat · ⚠️ High Leverage,75.9,Wide,28.4,6.8,16.2,53.9,🔥 High,-1.3,4.0,-1.1,6.3,,-1.4,0.95,36.8,0.65,8.2,-9.5,,22.45,32.56,45.03,$13.4B,6.78,2.65,5.06,1.1,8.63,42.0,6.3,5.16,78.01,35.55,20.73,11.51,59.3,,26.27,-29.07,3.08,1.26,6.54,93.88,100.0,227.0,29.24,8.49,0.47,24.6,-8.74,32.56,9.0,45.03
GFF,Griffon Corporation,Industrials,74.0,BUY,🔥 HG High · 🏰 Wide Moat · 💎 Deep Value · ⚠️ High Leverage,78.0,Wide,22.4,13.3,19.8,58.8,🔥 High,3.2,4.4,1.3,8.7,,2.7,0.82,24.4,0.306,,,,93.85,127.0,35.32,$4.3B,15.25,1.68,33.05,0.54,10.82,228.0,7.0,-36.29,41.3,23.59,7.0,10.34,,,44.36,-13.56,10.35,1.44,6.24,81.87,100.0,94.0,17.54,14.1,2.41,87.54,7.21,127.0,7.0,35.32
UVE,UNIVERSAL INSURANCE HOLDINGS IN,Financial Services,73.6,BUY,〰️ Narrow Moat · ⭐ Compounder · 💎 Deep Value · 💰 Income,64.8,Narrow,3.2,14.6,11.6,49.5,📈 Emerging,-1.3,2.0,-2.6,0.9,,,0.54,26.0,0.072,,,,43.86,45.0,2.6,$1.2B,9.75,0.75,1.92,0.14,2.58,40.0,6.7,-1.85,25.87,19.11,13.49,25.7,68.7,,57.26,-2.86,0.15,0.7,2.81,77.76,100.0,146.0,8.42,5.68,0.57,37.47,17.05,45.0,1.0,2.6
ADBE,Adobe Inc.,Technology,73.5,BUY,🔥 HG High · 🏰 Wide Moat · ⭐ Compounder · 💎 Deep Value · 📐 Rule of 40,82.1,Wide,32.7,15.4,15.4,54.2,🔥 High,0.8,8.8,-0.2,-0.9,,-0.7,0.53,48.9,0.28,18.1,15.8,,239.66,275.06,14.77,$93.3B,8.66,3.59,7.97,0.57,9.44,62.0,12.9,6.85,89.25,34.82,28.05,10.02,3.1,,26.06,-34.11,0.58,1.42,5.3,88.99,100.0,,,20.08,0.77,259.87,-7.78,275.06,32.0,14.77
APAM,Artisan Partners Asset Manageme,Financial Services,73.5,BUY,🏰 Wide Moat · ⭐ Compounder · 💎 Deep Value · 💰 Income,80.7,Wide,25.6,19.8,15.4,49.0,📈 Emerging,-1.2,-1.6,-2.6,3.3,,-4.7,-0.87,32.2,0.232,,,,34.35,38.5,12.08,$2.4B,8.87,1.95,5.81,0.45,6.11,65.0,8.9,0.57,45.59,27.48,24.08,11.94,19.6,,1.15,-26.18,0.57,1.69,6.86,99.99,100.0,992.0,81.69,17.74,3.01,39.16,-12.28,38.5,4.0,12.08
DECK,Deckers Outdoor Corporation,Consumer Cyclical,73.1,BUY,🔥 HG High · 🏰 Wide Moat · ⭐ Compounder · 💎 Deep Value · 📈 Analyst Conviction · ⚠️ Below 200 DMA,83.2,Wide,20.9,22.3,22.6,57.3,🔥 High,0.8,8.9,2.8,2.1,,-0.9,1.34,21.5,0.307,,,,79.36,120.41,51.73,$10.8B,9.53,1.96,4.71,0.97,7.28,43.0,5.7,-21.77,57.8,15.23,18.36,8.06,-6.6,,2.8,-35.11,0.21,1.12,7.8,101.69,100.0,,,20.32,2.75,101.28,-21.64,120.41,22.0,51.73
NVEC,NVE Corporation,Technology,72.5,BUY,🔥 HG High · 🏰 Wide Moat · 🚀 Accel Growth · 💰 Income · 📐 Rule of 40 Elite,91.2,Wide,23.9,29.8,28.0,68.2,🔥 High,17.4,17.7,-3.2,4.5,,2.5,1.49,105.7,0.205,12.0,,,110.825,,,$536M,39.16,17.15,8.97,0.84,25.89,30.0,80.7,20.61,79.26,65.85,57.64,1.46,78.8,,93.72,-17.91,0.02,1.29,13.24,93.98,100.0,359.0,107.53,19.3,23.72,87.31,26.93,,,
JAZZ,Jazz Pharmaceuticals plc,Healthcare,72.1,BUY,🔥 HG High · 🏰 Wide Moat · ⭐ Compounder · 🚀 Accel Growth · 💎 Deep Value · 📈 Analyst Conviction · 📐 Rule of 40,85.2,Wide,28.9,16.4,24.5,56.6,🔥 High,8.0,5.2,-0.8,0.9,,2.3,-0.14,46.6,0.245,18.3,,,234.245,294.27,25.62,$15.2B,9.05,3.3,3.16,0.96,9.09,22.0,15.5,-5.08,91.35,26.91,20.44,9.4,,,81.87,-12.06,0.92,0.37,7.42,102.37,100.0,,,6.86,1.78,211.91,10.54,294.27,22.0,25.62
CRM,"Salesforce, Inc.",Technology,71.9,BUY,🏰 Wide Moat · 💎 Deep Value · 💰 Income · 📐 Rule of 40,73.4,Wide,24.2,7.9,14.2,47.1,📈 Emerging,-1.3,2.4,-7.2,0.3,,-1.0,-0.92,51.2,0.472,14.4,-22.7,,232.53,283.36,21.86,$191.4B,14.51,4.36,4.99,0.84,17.38,19.0,10.8,8.52,77.28,21.37,21.99,9.27,86.9,,58.92,-13.59,1.1,1.26,4.54,87.34,100.0,75.0,15.66,5.7,0.84,200.51,15.97,283.36,54.0,21.86
FHI,"Federated Hermes, Inc.",Financial Services,71.9,BUY,🔥 HG High · 🏰 Wide Moat · ⭐ Compounder · 💰 Income,83.8,Wide,27.1,23.7,16.1,55.0,🔥 High,5.6,2.0,-2.6,5.1,,0.0,0.53,37.5,0.116,,,,55.93,61.0,9.06,$4.2B,9.57,2.16,3.19,1.36,7.4,31.0,18.3,13.65,69.04,27.72,21.3,8.9,14.6,,19.87,-16.77,0.32,0.64,6.2,93.28,100.0,257.0,26.07,14.8,2.59,57.05,-1.96,61.0,7.0,9.06
ZM,"Zoom Communications, Inc.",Technology,71.8,BUY,🏰 Wide Moat · ⭐ Compounder · 📈 Analyst Conviction · 📐 Rule of 40,78.1,Wide,24.3,22.6,8.8,48.2,📈 Emerging,-3.7,2.4,-3.2,0.9,,-0.2,-0.71,44.5,0.814,17.4,-3.5,,93.71,118.24,26.18,$27.3B,14.78,5.48,2.76,2.46,14.93,32.0,4.9,0.75,77.66,24.61,65.19,7.22,330.1,,32.55,-18.33,0.01,1.03,2.69,79.08,100.0,,,6.11,3.83,91.12,2.84,118.24,25.0,26.18
RGA,"Reinsurance Group of America, I",Financial Services,71.8,BUY,🔥 HG High · 〰️ Narrow Moat · 🚀 Accel Growth · 💰 Income · 📐 Rule of 40,64.5,Narrow,-2.6,12.0,19.3,56.5,🔥 High,5.6,6.0,-2.6,3.9,,,0.29,56.4,0.034,,,,248.43,277.33,11.63,$16.2B,8.34,0.62,1.18,1.14,7.1,12.0,18.5,3.97,14.07,10.64,5.81,60.63,156.7,,39.4,-3.64,0.41,0.45,1.68,103.49,100.0,157.0,16.38,0.95,1.17,218.91,13.48,277.33,9.0,11.63
BLBD,Blue Bird Corporation,Industrials,71.8,BUY,🔥 HG High · 🏰 Wide Moat · 🚀 Accel Growth,76.8,Wide,-7.8,30.5,30.4,63.3,🔥 High,10.1,5.6,2.8,8.1,,-1.0,1.03,29.3,0.037,,6.1,,56.21,89.12,58.55,$1.8B,12.61,1.09,2.72,0.03,8.62,64.0,29.9,-13.86,20.57,12.1,17.48,-0.59,408.2,,21.82,-32.59,0.18,1.36,15.39,108.17,100.0,,,13.61,1.64,62.45,-9.99,89.12,8.0,58.55
PRI,"Primerica, Inc.",Financial Services,71.6,BUY,🔥 HG High · 🏰 Wide Moat · ⭐ Compounder · 💰 Income,80.7,Wide,31.0,17.6,12.2,51.1,🔥 High,0.8,-2.8,-0.8,5.1,,,-219.29,38.5,0.318,,,,277.06,324.5,17.12,$8.5B,10.2,2.45,3.39,1.07,8.6,33.0,8.7,3.92,72.1,31.54,22.84,12.18,13.4,,20.41,-15.34,0.72,0.88,5.17,96.51,100.0,174.0,17.99,4.66,3.73,276.81,0.09,324.5,6.0,17.12
AXS,Axis Capital Holdings Limited,Financial Services,71.5,BUY,🔥 HG High · 🏰 Wide Moat · 💰 Income · 📐 Rule of 40,67.8,Wide,9.1,8.8,17.4,54.9,🔥 High,0.8,6.0,-0.8,3.9,,,0.54,41.9,0.162,,,,94.58,122.73,29.76,$6.9B,7.02,1.01,1.16,1.18,5.72,17.0,7.4,-0.74,30.67,19.18,16.23,34.04,15.6,,7.39,-21.18,0.23,0.46,2.74,101.58,100.0,186.0,12.52,2.42,0.68,102.58,-7.8,122.73,11.0,29.76
APP,Applovin Corporation,Communication Services,71.5,BUY,🔥 HG High · 🏰 Wide Moat · 🚀 Accel Growth · 💎 Deep Value · 📈 Analyst Conviction · 📐 Rule of 40 Elite · ⚠️ High Beta · ⚠️ Below 200 DMA,93.0,Wide,30.0,25.0,30.2,66.1,🔥 High,15.0,16.5,2.8,-2.1,,-0.0,1.31,99.4,0.25,4.1,6.0,,278.64,497.05,78.38,$93.6B,13.28,13.71,29.54,0.58,16.66,204.0,52.8,31.13,88.46,77.68,64.58,3.4,54.5,,4.42,-62.24,1.11,2.56,3.76,76.08,100.0,,,46.46,4.3,456.22,-38.92,497.05,31.0,78.38
JBL,Jabil Inc.,Technology,71.2,BUY,🔥 HG High · 🏰 Wide Moat · 🚀 Accel Growth · 💎 Deep Value,66.4,Wide,-12.0,14.0,30.4,59.8,🔥 High,8.8,4.4,-1.1,7.5,,0.4,1.18,32.1,0.033,0.1,-4.6,,303.605,425.0,39.98,$31.8B,13.7,0.88,19.73,0.82,13.58,66.0,28.6,0.36,9.23,5.85,2.9,4.01,82.6,,60.13,-29.22,2.49,1.29,3.24,99.17,100.0,11.0,4.01,4.99,0.99,301.66,0.64,425.0,9.0,39.98
BCRX,"BioCryst Pharmaceuticals, Inc.",Healthcare,71.2,BUY,🚀 Rocket · 🏰 Wide Moat · 🚀 Accel Growth · 📐 Rule of 40 Elite,84.0,Wide,27.4,9.5,30.4,72.2,🚀 Rocket,10.9,23.8,2.8,6.9,,0.5,2.57,68.0,0.081,19.0,,,7.97,20.73,160.1,$2.0B,8.48,2.17,-4.48,9.39,5.94,,33.6,-1.87,77.39,45.12,-40.9,15.89,1441.7,,32.83,-28.97,,0.55,13.75,105.27,100.0,,,52.86,2.32,8.68,-8.18,20.73,11.0,160.1
TREE,"LendingTree, Inc.",Financial Services,71.2,BUY,🔥 HG High · 🏰 Wide Moat · 🚀 Accel Growth · ⚠️ High Beta · ⚠️ Below 200 DMA,88.4,Wide,25.0,23.5,27.6,61.8,🔥 High,8.8,5.6,2.8,6.3,,0.1,0.76,30.3,0.021,4.0,2.7,,24.47,56.0,128.85,$344M,3.7,0.27,1.07,3.55,5.71,83.0,25.3,6.33,96.41,7.78,14.32,18.37,8.0,,4.13,-64.5,1.36,2.05,6.46,83.0,100.0,,,7.75,1.85,41.01,-40.33,56.0,6.0,128.85
EXPE,"Expedia Group, Inc.",Consumer Cyclical,71.1,BUY,🔥 HG High · 🏰 Wide Moat · 💎 Deep Value · 📈 Analyst Conviction,79.5,Wide,27.4,10.4,20.6,61.0,🔥 High,4.4,11.3,4.8,1.5,,0.5,1.31,35.9,0.144,8.7,47.3,,264.69,338.25,27.79,$31.8B,10.8,2.02,26.27,0.7,10.95,89.0,14.0,-22.35,90.43,18.98,12.97,10.81,166.1,,42.81,-22.61,2.3,1.36,6.75,108.52,100.0,72.0,10.99,6.11,0.8,260.08,1.77,338.25,36.0,27.79
MOV,Movado Group Inc.,Consumer Cyclical,71.0,BUY,🔥 HG High · 🏰 Wide Moat · 💎 Deep Value · 💰 Income,76.4,Wide,18.5,13.8,20.0,57.7,🔥 High,0.8,4.0,8.5,2.1,,4.4,0.88,12.7,0.18,,,507.5,33.85,47.5,40.32,$755M,,1.09,1.49,0.84,10.99,8.0,4.9,-23.49,56.11,8.77,6.0,7.15,311.9,,96.35,-16.42,0.13,0.9,7.94,96.25,100.0,475.0,80.11,4.0,4.26,29.86,13.36,47.5,2.0,40.32
ESCA,"Escalade, Incorporated",Consumer Cyclical,71.0,BUY,🔥 HG High · 🏰 Wide Moat · 💰 Income,65.5,Wide,2.3,14.9,13.6,55.2,🔥 High,0.8,0.4,-0.8,10.0,,-1.6,0.38,13.6,0.175,,,,19.19,24.0,25.07,$264M,9.79,1.08,1.45,1.05,7.51,13.0,6.2,-17.7,28.17,20.68,9.46,6.86,416.8,,68.19,-16.82,0.09,0.53,3.16,31.66,100.0,317.0,36.23,8.34,3.21,17.61,8.97,24.0,1.0,25.07
NESR,National Energy Services Reunit,Energy,70.9,BUY,🔥 HG High · 🏰 Wide Moat · 🚀 Accel Growth · 💎 Deep Value · 📐 Rule of 40 Elite,71.7,Wide,-5.6,15.6,33.0,69.2,🔥 High,15.3,16.5,2.8,3.9,,3.0,1.28,67.6,0.027,,,,24.145,42.11,74.4,$2.4B,9.31,1.5,2.34,0.05,9.05,9.0,59.1,37.0,13.28,12.45,5.77,5.65,189.6,,142.66,-34.64,0.29,0.48,4.77,93.17,100.0,,,4.77,1.02,25.03,-3.54,42.11,9.0,74.4
MPWR,"Monolithic Power Systems, Inc.",Technology,70.6,BUY,🚀 Rocket · 🏰 Wide Moat · 🚀 Accel Growth · 📈 Analyst Conviction · 💰 Income · 📐 Rule of 40 Elite,83.8,Wide,9.5,26.5,31.0,70.3,🚀 Rocket,13.8,16.5,-0.8,11.1,,0.0,1.34,61.2,0.445,13.7,,,1436.015,1839.8,28.12,$70.6B,41.06,21.56,18.12,1.08,69.34,22.0,47.6,9.09,55.2,30.99,24.5,0.63,90.6,,72.35,-16.22,0.0,1.68,5.22,100.65,100.0,56.0,43.31,13.57,4.97,1283.31,11.9,1839.8,15.0,28.12
XOM,ExxonMobil Holdings Corporation,Energy,70.6,BUY,🔥 HG High · 🏰 Wide Moat · 🚀 Accel Growth · 💰 Income · 📐 Rule of 40,73.2,Wide,4.4,18.1,23.4,62.7,🔥 High,9.9,14.1,-2.6,3.9,,2.1,1.43,49.8,0.045,,,,162.32,173.41,6.83,$667.4B,14.3,1.85,2.57,1.45,10.49,13.0,44.1,-0.2,29.77,15.86,9.07,3.1,105.1,,47.04,-7.99,0.16,0.21,1.08,67.2,100.0,251.0,52.51,5.52,1.14,149.1,8.87,173.41,22.0,6.83
ADI,"Analog Devices, Inc.",Technology,70.5,BUY,🔥 HG High · 🏰 Wide Moat · 🚀 Accel Growth · 💰 Income · 📐 Rule of 40 Elite,79.6,Wide,16.6,15.6,26.4,66.3,🔥 High,14.1,20.8,-2.6,0.3,,3.0,1.81,69.5,0.38,16.0,,,410.63,470.72,14.63,$199.0B,25.12,14.33,5.93,0.62,30.19,12.0,39.6,17.79,65.8,39.5,29.79,2.08,158.4,,83.75,-7.91,0.27,1.23,1.99,93.83,100.0,105.0,49.64,6.41,1.25,359.53,14.21,470.72,32.0,14.63
GOOGL,Alphabet Inc.,Communication Services,70.5,BUY,🔥 HG High · 🏰 Wide Moat · 🚀 Accel Growth · 💰 Income,88.4,Wide,22.4,32.0,21.7,61.0,🔥 High,6.4,16.2,-0.8,0.3,,1.3,3.61,29.3,0.38,15.2,8.8,,344.49,429.36,24.64,$4.2T,22.86,9.45,6.77,1.23,23.66,49.0,24.2,7.38,60.9,34.03,54.77,0.54,297.9,,46.07,-15.69,0.19,1.21,1.49,80.97,100.0,26.0,4.26,12.96,2.72,338.92,1.64,429.36,54.0,24.64
GDDY,GoDaddy Inc.,Technology,70.1,BUY,🏰 Wide Moat · 💎 Deep Value · ⚠️ High Leverage,69.8,Wide,16.9,6.8,15.4,48.5,📈 Emerging,-1.3,0.0,-2.6,0.9,,0.0,-2.61,30.2,0.444,17.0,5.1,,98.07,106.75,8.85,$12.4B,8.89,2.43,1850.38,0.53,10.84,443.0,6.6,0.13,63.8,27.06,17.83,9.7,20.1,,36.99,-29.67,573.34,0.94,8.4,105.96,100.0,,,9.88,0.63,93.42,4.98,106.75,16.0,8.85
LLY,Eli Lilly and Company,Healthcare,70.0,BUY,🔥 HG High · 🏰 Wide Moat · 🚀 Accel Growth · 📐 Rule of 40 Elite,87.7,Wide,24.7,21.0,29.0,66.2,🔥 High,16.2,23.8,-2.6,-5.1,,2.9,9.26,61.6,0.28,20.5,,,1159.425,1328.83,14.61,$1.0T,24.36,12.98,30.51,1.13,25.53,102.0,47.7,12.49,83.4,54.22,33.53,1.07,25.3,,47.91,-10.31,1.62,0.45,0.84,85.3,100.0,61.0,21.69,20.36,1.35,1073.81,7.97,1328.83,29.0,14.61
DAKT,"Daktronics, Inc.",Technology,69.8,BUY,🔥 HG High · 🏰 Wide Moat,65.2,Wide,-7.6,17.8,19.8,58.6,🔥 High,1.1,11.2,2.8,2.1,,3.3,1.76,9.1,0.119,5.2,1.6,,17.81,32.0,79.67,$857M,12.16,1.0,2.7,0.58,8.97,16.0,7.1,-9.0,27.57,10.63,5.66,2.02,18.0,,6.2,-37.0,0.05,1.68,4.47,75.78,100.0,,,6.78,2.17,20.53,-13.25,32.0,3.0,79.67
MKSI,MKS Inc.,Technology,69.8,BUY,🔥 HG High · 🏰 Wide Moat · 🚀 Accel Growth · 💰 Income · ⚠️ High Beta,75.1,Wide,3.9,15.5,30.4,68.2,🔥 High,8.8,10.1,6.9,10.5,,1.0,1.63,39.4,0.182,7.6,38.0,,274.955,410.86,49.43,$18.6B,15.58,4.28,6.22,1.32,21.24,16.0,28.3,9.11,46.95,20.59,10.1,2.58,182.3,,127.4,-38.57,1.4,2.02,10.21,107.1,100.0,36.0,14.94,5.02,1.14,272.05,1.07,410.86,14.0,49.43
PATH,"UiPath, Inc.",Technology,69.6,BUY,🔥 HG High · 🏰 Wide Moat · 💎 Deep Value · 📐 Rule of 40 · ⚠️ High Short,79.0,Wide,20.6,21.4,15.4,59.4,🔥 High,-1.2,21.4,-7.2,5.7,,-2.6,2.66,41.0,0.244,23.9,-30.7,,13.06,15.5,18.68,$6.8B,14.18,3.96,3.49,0.41,30.51,20.0,13.4,1.77,82.58,8.92,21.03,6.97,2178.3,,41.96,-34.17,0.04,1.01,25.74,90.26,100.0,,,3.66,2.39,12.68,3.0,15.5,17.0,18.68
HNI,HNI Corporation,Consumer Cyclical,69.6,BUY,🔥 HG High · 🏰 Wide Moat · 🚀 Accel Growth · 💎 Deep Value · 💰 Income · 📐 Rule of 40 Elite,75.8,Wide,6.0,12.0,33.0,67.2,🔥 High,17.4,12.0,2.8,2.1,,3.2,0.99,123.1,0.009,,,,46.06,71.0,54.15,$3.3B,9.59,0.76,1.84,0.49,10.96,0.0,120.7,97.06,41.88,8.16,0.1,3.13,6.0,,59.21,-12.75,0.91,0.92,5.97,89.89,100.0,299.0,503.7,5.16,1.36,41.47,11.07,71.0,4.0,54.15
INTU,Intuit Inc.,Technology,69.5,BUY,🔥 HG High · 🏰 Wide Moat · ⭐ Compounder · 💎 Deep Value · 📈 Analyst Conviction · 💰 Income · 📐 Rule of 40 · ⚠️ Below 200 DMA,74.2,Wide,22.4,18.9,6.6,56.2,🔥 High,0.8,12.4,1.3,-2.1,,-0.8,1.15,43.3,0.26,15.7,,,288.6,405.6,40.54,$77.1B,10.66,3.6,4.08,0.89,11.15,24.0,13.7,120.28,80.98,17.64,21.29,8.24,-4.7,,14.14,-58.12,0.44,1.01,3.02,93.59,100.0,196.0,29.16,10.47,1.51,393.72,-26.7,405.6,31.0,40.54
MNDY,monday.com Ltd.,Technology,69.5,BUY,🔥 HG High · 🏰 Wide Moat · 🚀 Accel Growth · 💎 Deep Value · 📈 Analyst Conviction · 📐 Rule of 40,81.1,Wide,23.0,18.1,20.5,64.8,🔥 High,3.5,20.8,1.3,3.9,,-0.8,2.31,42.7,0.083,26.0,8.1,,79.87,108.87,36.31,$3.4B,11.92,2.47,5.46,0.28,49.12,13.0,21.9,10.86,88.74,5.46,8.87,8.43,120.0,,38.9,-62.06,0.38,1.14,17.14,78.29,100.0,,,1.38,1.53,88.58,-9.83,108.87,23.0,36.31
PLTR,Palantir Technologies Inc.,Technology,69.3,BUY,🔥 HG High · 🏰 Wide Moat · 🚀 Accel Growth · 📐 Rule of 40 Elite,89.5,Wide,26.0,29.8,22.4,64.3,🔥 High,15.8,14.9,-9.0,6.9,,1.0,1.63,127.9,0.778,12.5,-25.9,,191.025,195.57,2.38,$459.0B,81.49,74.57,46.96,1.63,166.94,38.0,92.8,38.23,84.8,47.12,49.01,0.47,225.0,,79.59,-7.95,0.02,1.6,2.8,64.75,100.0,,,17.29,7.23,152.1,25.59,195.57,26.0,2.38
HBB,Hamilton Beach Brands Holding C,Consumer Cyclical,69.1,BUY,🔥 HG High · 🏰 Wide Moat · ⭐ Compounder · 💎 Deep Value · 💰 Income,66.1,Wide,-2.5,23.7,10.6,55.6,🔥 High,5.5,2.0,-3.2,7.0,,27.7,0.7,20.6,0.07,,,,37.8,,,$508M,23.62,0.83,2.35,0.04,10.2,30.0,11.6,-8.15,27.11,5.68,9.41,10.85,657.0,,174.91,-5.48,0.41,0.23,4.77,41.69,100.0,129.0,11.44,6.91,3.13,22.23,70.04,,,
LDOS,"Leidos Holdings, Inc.",Technology,69.1,BUY,🔥 HG High · 〰️ Narrow Moat · 📈 Analyst Conviction · 💰 Income · ⚠️ Below 200 DMA,62.4,Narrow,-4.1,14.1,14.6,53.9,🔥 High,-1.3,4.0,1.3,3.9,,0.0,1.07,13.7,0.163,,,,117.2625,157.73,34.51,$14.7B,9.2,0.83,2.78,2.46,8.67,28.0,7.2,-1.54,17.79,11.72,7.8,7.79,-9.5,,18.61,-43.01,1.23,0.59,4.78,84.8,100.0,146.0,15.78,8.91,1.63,147.24,-20.36,157.73,15.0,34.51
RNR,RenaissanceRe Holdings Ltd.,Financial Services,69.0,BUY,🏰 Wide Moat · ⭐ Compounder · 💰 Income,71.2,Wide,28.0,4.5,9.5,46.1,📈 Emerging,-12.0,7.2,-2.6,-0.3,,,2.08,11.8,,,,,325.3429,347.31,6.75,$13.5B,7.91,1.21,1.23,3.62,,21.0,-13.2,-31.74,45.35,41.67,23.58,20.62,-20.6,,40.74,-4.38,0.12,0.12,4.96,99.92,100.0,50.0,2.8,5.19,1.35,303.91,7.05,347.31,16.0,6.75
META,"Meta Platforms, Inc.",Communication Services,68.9,BUY,🔥 HG High · 🏰 Wide Moat · 🚀 Accel Growth · 💰 Income,89.1,Wide,28.0,25.8,23.6,54.6,🔥 High,8.0,6.0,-2.6,-2.1,,-0.6,0.08,37.4,0.294,28.5,,,738.2901,794.96,7.68,$1.9T,21.15,8.24,7.2,0.96,17.12,30.0,28.0,9.89,81.75,34.83,29.83,1.15,-13.6,,41.91,-5.33,0.43,1.19,1.41,79.0,100.0,29.0,7.91,14.59,2.23,628.38,17.49,794.96,58.0,7.68
CRUS,"Cirrus Logic, Inc.",Technology,68.8,BUY,🔥 HG High · 🏰 Wide Moat · ⭐ Compounder,76.2,Wide,6.4,22.9,22.6,59.2,🔥 High,0.8,12.9,1.3,3.3,,-0.2,1.7,34.9,0.201,21.7,,,120.47,165.0,36.96,$6.0B,13.54,2.95,2.78,9.35,10.12,21.0,12.9,-20.04,52.79,18.37,21.0,7.47,26.6,,13.37,-33.23,0.06,1.17,8.26,107.42,100.0,,,12.16,7.58,139.81,-13.83,165.0,4.0,36.96
CTSH,Cognizant Technology Solutions ,Technology,68.8,BUY,🔥 HG High · 〰️ Narrow Moat · 💎 Deep Value · 💰 Income,60.6,Narrow,-2.1,13.4,9.6,52.6,🔥 High,-3.7,13.0,-5.0,0.9,,-0.1,2.89,14.7,0.281,,-16.2,,58.42,65.1,11.43,$26.3B,9.23,1.22,1.83,0.85,6.79,15.0,4.5,-0.04,33.44,17.48,10.26,8.42,-1.4,,57.55,-32.87,0.14,0.85,8.01,116.34,100.0,226.0,27.53,10.73,2.18,60.97,-4.18,65.1,25.0,11.43
RJF,"Raymond James Financial, Inc.",Financial Services,68.8,BUY,🔥 HG High · 🏰 Wide Moat · 🚀 Accel Growth · 💰 Income,79.2,Wide,22.4,18.9,16.5,55.3,🔥 High,3.5,-3.2,6.4,3.9,,,,,0.089,,,40.6,158.25,186.14,17.62,$30.4B,11.12,1.99,2.39,0.78,,18.0,15.1,3.52,93.16,19.3,15.13,,36.5,,14.0,-13.4,0.48,0.95,4.46,81.12,100.0,137.0,18.48,2.58,2.11,160.89,-1.64,186.14,14.0,17.62
COLL,"Collegium Pharmaceutical, Inc.",Healthcare,68.8,BUY,🔥 HG High · 🏰 Wide Moat · 💎 Deep Value · 📐 Rule of 40 · ⚠️ High Short · ⚠️ High Leverage · ⚠️ Below 200 DMA,74.6,Wide,24.0,5.3,19.4,53.0,🔥 High,-3.2,-0.0,0.4,8.7,,-5.4,-0.08,46.4,0.355,0.0,-3.7,,22.0,49.0,122.73,$716M,3.29,0.89,2.29,0.65,4.46,18.0,6.3,-7.57,89.45,5.65,5.93,45.24,,,2.66,-56.68,3.9,0.73,20.82,131.16,100.0,,,5.76,1.03,35.75,-38.46,49.0,8.0,122.73
CDE,"Coeur Mining, Inc.",Basic Materials,68.8,BUY,🔥 HG High · 🏰 Wide Moat · 🚀 Accel Growth · 💰 Income · 📐 Rule of 40 Elite,81.5,Wide,10.1,22.1,30.2,63.5,🔥 High,11.0,8.4,1.3,6.3,,-21.3,0.34,151.0,0.045,2.6,7.8,,16.935,23.95,41.42,$17.4B,8.53,5.49,1.67,3.75,10.93,13.0,125.9,54.39,56.33,19.39,26.82,4.58,72.3,,24.98,-39.02,0.07,1.37,5.01,82.53,100.0,23.0,1.71,7.14,3.65,19.27,-12.12,23.95,11.0,41.42
BKNG,Booking Holdings Inc. Common St,Consumer Cyclical,68.6,BUY,🔥 HG High · 🏰 Wide Moat · 💎 Deep Value · 📈 Analyst Conviction,77.2,Wide,31.5,-0.2,22.6,58.8,🔥 High,1.5,7.3,10.8,-2.1,,,1.28,35.5,0.539,,92.0,,157.39,238.03,51.24,$118.3B,12.73,4.19,-11.06,0.87,11.83,,8.1,-38.59,87.23,34.41,25.53,6.53,117.9,,4.83,-30.05,,1.13,2.62,98.45,100.0,106.0,17.82,20.38,1.09,182.64,-13.83,238.03,36.0,51.24
AMAT,"Applied Materials, Inc.",Technology,68.6,BUY,🔥 HG High · 🏰 Wide Moat · 💰 Income,77.5,Wide,7.2,28.0,19.3,61.2,🔥 High,6.4,8.5,4.8,2.7,,1.4,1.31,34.8,0.558,12.6,32.3,,535.52,638.94,19.31,$425.0B,29.0,13.78,16.58,1.07,42.02,41.0,24.8,16.32,49.4,33.74,30.05,0.72,42.7,,163.28,-27.6,0.29,1.59,1.78,86.3,100.0,39.0,16.48,15.48,2.42,427.65,25.22,638.94,36.0,19.31
ENVA,"Enova International, Inc.",Financial Services,68.5,BUY,🔥 HG High · 🏰 Wide Moat · 🚀 Accel Growth · ⚠️ High Leverage,88.3,Wide,25.6,19.8,30.4,65.2,🔥 High,12.5,8.5,1.3,8.1,,2.5,1.44,,0.175,,,,174.19,241.0,38.35,$4.3B,8.31,2.56,2.9,0.22,,26.0,31.1,9.03,83.29,29.94,21.01,,38.0,,69.08,-34.87,3.37,1.28,10.24,97.62,100.0,,,5.49,20.15,182.26,-4.43,241.0,6.0,38.35
LRCX,Lam Research Corporation,Technology,68.5,BUY,🔥 HG High · 🏰 Wide Moat · 🚀 Accel Growth · 💰 Income · 📐 Rule of 40,82.1,Wide,7.6,29.5,26.4,60.7,🔥 High,8.8,12.5,-2.6,2.7,,1.8,1.35,43.3,0.622,10.2,5.3,,345.1646,375.65,8.83,$431.9B,29.34,18.59,34.63,1.62,50.15,65.0,30.0,9.72,50.47,37.39,31.27,0.72,32.4,,163.44,-21.29,0.33,1.85,2.33,88.88,100.0,38.0,18.06,22.84,2.63,275.07,25.48,375.65,31.0,8.83
MSFT,Microsoft Corporation,Technology,68.1,BUY,🏰 Wide Moat · 🚀 Accel Growth · 💰 Income,77.1,Wide,17.4,19.7,16.5,48.7,📈 Emerging,3.5,0.4,-2.6,-3.9,,-1.1,0.72,22.7,0.663,10.7,3.0,,527.94,578.82,9.64,$3.9T,22.33,11.81,8.86,1.68,20.05,34.0,17.7,6.71,67.94,45.11,40.31,0.42,31.3,,51.19,-4.66,0.29,1.1,0.91,75.78,100.0,76.0,19.83,14.09,1.23,432.83,21.97,578.82,53.0,9.64
PRGS,Progress Software Corporation,Technology,68.0,BUY,🔥 HG High · 🏰 Wide Moat,67.7,Wide,29.0,-5.9,12.0,50.8,🔥 High,-2.9,-2.8,0.4,6.9,,1.1,-0.24,30.6,,19.7,-1.6,,36.91,56.2,52.26,$1.5B,5.14,1.51,3.27,1.06,7.85,18.0,-1.5,-0.8,85.84,21.98,9.24,21.25,17.3,,54.95,-21.98,2.39,0.89,16.73,116.07,100.0,,,5.13,0.8,36.79,0.33,56.2,5.0,52.26
TXN,Texas Instruments Incorporated,Technology,67.9,BUY,🔥 HG High · 🏰 Wide Moat · 🚀 Accel Growth · 💰 Income · 📐 Rule of 40,79.3,Wide,10.7,24.8,22.5,61.4,🔥 High,8.0,17.0,-2.6,0.3,,4.1,3.15,41.0,0.621,11.8,,,289.735,324.71,12.07,$264.6B,27.22,13.6,14.69,1.05,28.93,35.0,22.8,1.75,58.33,42.58,31.11,1.34,52.9,,89.7,-13.26,0.78,1.34,2.41,91.64,100.0,207.0,85.54,13.06,4.86,248.81,16.45,324.71,31.0,12.07
SNX,TD SYNNEX Corporation,Technology,67.8,BUY,🔥 HG High · 〰️ Narrow Moat · 🚀 Accel Growth · 💰 Income,62.6,Narrow,-16.5,13.1,28.4,63.6,🔥 High,11.7,5.6,2.4,7.5,,-0.3,1.03,36.3,0.01,,,4.1,282.56,339.64,20.2,$22.5B,11.63,0.3,2.4,0.54,11.09,15.0,37.7,9.65,6.89,2.99,1.75,-4.67,83.5,,98.68,-5.43,0.65,1.37,2.24,95.86,100.0,69.0,13.18,3.5,1.19,215.56,31.08,339.64,11.0,20.2
QUAD,"Quad Graphics, Inc",Industrials,67.8,BUY,🔥 HG High · 〰️ Narrow Moat · 💎 Deep Value · ⚠️ High Leverage,53.6,Narrow,-1.8,1.0,8.0,53.9,🔥 High,-3.7,2.8,1.3,7.5,,-0.8,1.2,4.8,0.398,,,,9.23,13.17,42.69,$475M,6.32,0.2,3.81,0.84,5.22,29.0,1.0,-1.19,21.64,4.29,1.31,18.89,,,80.27,-17.22,3.77,1.1,5.36,58.08,100.0,425.0,53.03,5.51,0.87,7.79,18.49,13.17,3.0,42.69
AMTM,"Amentum Holdings, Inc.",Industrials,67.8,BUY,🔥 HG High · 〰️ Narrow Moat · 💎 Deep Value · ⚠️ Below 200 DMA,56.0,Narrow,-5.0,0.1,16.8,51.3,🔥 High,-2.9,0.0,0.4,5.1,,0.1,1.08,1.4,,,-15.8,,18.38,29.5,60.5,$4.5B,6.96,0.32,0.96,0.01,7.85,4.0,-2.0,-11.39,10.49,4.38,1.44,10.78,560.0,,3.72,-51.77,0.8,0.31,7.95,109.88,100.0,,,3.08,1.52,25.56,-28.09,29.5,12.0,60.5
WDAY,"Workday, Inc.",Technology,67.7,BUY,🔥 HG High · 🏰 Wide Moat · 💎 Deep Value · 📐 Rule of 40,73.1,Wide,20.4,9.9,15.4,54.9,🔥 High,0.8,12.4,-2.6,-0.9,,-0.4,0.94,42.8,0.348,28.0,,,185.59,208.26,12.22,$44.7B,14.02,4.4,6.92,0.56,28.52,16.0,12.8,4.52,75.8,11.82,12.32,6.81,177.2,,68.17,-24.98,0.58,1.07,8.31,112.42,100.0,,,4.51,0.91,157.25,18.02,208.26,38.0,12.22
LYFT,"Lyft, Inc.",Technology,67.6,BUY,🔥 HG High · 🏰 Wide Moat · ⭐ Compounder · 🚀 Accel Growth · 💎 Deep Value · ⚠️ High Short,69.9,Wide,-3.0,17.9,24.5,62.9,🔥 High,6.8,14.6,-0.8,5.1,,6.6,15.33,33.1,0.049,7.1,,,15.7911,19.57,23.93,$6.0B,7.33,0.88,1.98,0.15,114.82,153.0,16.1,-2.06,38.02,2.58,42.32,19.29,24.8,,26.73,-38.17,0.43,1.96,20.21,111.76,100.0,,,-0.86,0.59,15.41,2.47,19.57,36.0,23.93
BMY,Bristol-Myers Squibb Company,Healthcare,67.4,BUY,🏰 Wide Moat,74.1,Wide,21.8,13.3,12.6,47.4,📈 Emerging,1.6,-1.6,-5.0,-0.3,,0.8,-0.49,22.2,0.567,20.6,-16.0,,59.62,66.71,11.89,$121.8B,9.08,2.48,5.46,17.03,8.39,47.0,5.7,-6.0,71.66,34.42,18.87,6.66,153.2,,40.22,-13.14,2.02,0.18,2.06,84.85,100.0,412.0,55.29,10.72,1.53,59.4,0.37,66.71,24.0,11.89
CI,The Cigna Group,Healthcare,67.4,BUY,🔥 HG High · 〰️ Narrow Moat · 💎 Deep Value · 📈 Analyst Conviction · 💰 Income,57.4,Narrow,-9.0,6.3,17.4,53.6,🔥 High,0.8,0.4,6.4,-0.3,,-0.1,0.63,9.5,0.051,,,17.0,268.195,342.29,27.63,$70.9B,8.01,0.25,1.66,0.74,7.56,17.0,6.7,-1.76,9.14,3.98,2.27,11.26,8.4,,11.98,-14.09,0.74,0.3,2.77,92.18,100.0,231.0,25.38,4.46,0.85,279.95,-4.2,342.29,24.0,27.63
PBYI,Puma Biotechnology Inc,Healthcare,67.2,BUY,🔥 HG High · 🏰 Wide Moat · ⭐ Compounder · 💎 Deep Value,76.0,Wide,17.4,19.3,14.8,58.8,🔥 High,3.9,14.1,-3.2,2.7,,2.9,1.55,21.8,0.223,27.2,,,9.39,,,$485M,26.83,2.1,3.46,0.67,10.02,22.0,7.8,-17.73,74.83,13.42,11.55,6.7,39.9,,105.02,-7.03,0.03,1.21,9.8,75.7,100.0,,,9.81,2.91,7.47,25.7,,,
EXEL,"Exelixis, Inc.",Healthcare,67.2,BUY,🔥 HG High · 🏰 Wide Moat · ⭐ Compounder · 📐 Rule of 40,84.7,Wide,30.0,28.4,10.4,58.4,🔥 High,2.3,10.8,-3.2,6.9,,0.3,1.04,41.0,0.534,35.6,,,57.95,53.93,-6.94,$14.4B,13.62,5.89,7.82,2.56,13.52,44.0,10.6,2.18,96.48,39.51,35.33,5.15,14.7,,71.65,-5.22,0.09,0.47,14.56,106.76,100.0,,,23.97,3.46,49.08,18.07,53.93,15.0,-6.94
ZVRA,"Zevra Therapeutics, Inc.",Healthcare,67.0,BUY,🔥 HG High · 🏰 Wide Moat · ⭐ Compounder · 🚀 Accel Growth · 📐 Rule of 40 Elite,94.6,Wide,31.5,29.8,27.0,66.5,🔥 High,19.0,6.0,2.8,5.1,,11.7,-2.09,88.9,0.051,12.0,,,10.21,25.0,144.86,$606M,9.48,4.46,2.78,10.67,9.2,35.0,53.3,38.97,95.46,42.3,42.82,7.98,-88.3,,27.47,-32.09,0.01,0.98,9.78,77.43,,,,8.74,5.17,10.56,-3.31,25.0,9.0,144.86
KFY,Korn Ferry,Industrials,66.9,BUY,🔥 HG High · 〰️ Narrow Moat · 💰 Income,63.5,Narrow,1.7,10.9,14.2,54.9,🔥 High,0.8,4.0,-0.8,5.7,,-0.0,0.93,15.4,0.185,,,0.1,72.01,90.25,25.33,$4.0B,11.28,1.36,1.83,1.2,8.85,15.0,6.8,5.27,24.72,11.84,9.47,6.29,3.5,,22.15,-17.71,0.3,1.26,5.4,96.0,100.0,306.0,38.94,6.41,2.37,70.49,2.16,90.25,4.0,25.33
VRT,"Vertiv Holdings, LLC",Industrials,66.9,BUY,🔥 HG High · 🏰 Wide Moat · 🚀 Accel Growth · 📈 Analyst Conviction · 💰 Income · 📐 Rule of 40 · ⚠️ High Beta,80.0,Wide,14.6,23.0,21.7,62.0,🔥 High,8.5,8.4,9.3,-2.1,,0.6,0.86,47.6,0.352,,100.2,,251.39,337.43,34.23,$96.8B,27.39,8.43,20.34,0.85,36.33,44.0,24.1,-0.98,38.04,20.36,15.09,2.79,53.5,,70.06,-33.83,0.7,2.05,3.68,84.55,85.0,10.0,5.09,10.89,1.38,264.61,-5.0,337.43,28.0,34.23
UFCS,"United Fire Group, Inc",Financial Services,66.9,BUY,🔥 HG High · 〰️ Narrow Moat · 💰 Income,60.4,Narrow,-2.6,10.5,12.6,50.9,🔥 High,1.5,2.0,-2.6,0.9,,,0.64,31.8,0.067,,,,54.1,58.5,8.13,$1.4B,11.18,0.94,1.42,1.41,7.02,15.0,14.4,4.36,12.86,11.76,9.57,18.38,45.4,,81.24,-4.65,0.15,0.47,3.12,70.44,100.0,146.0,13.36,3.09,0.36,44.61,21.27,58.5,2.0,8.13
MLI,"Mueller Industries, Inc.",Industrials,66.8,BUY,🔥 HG High · 🏰 Wide Moat · 🚀 Accel Growth · 💰 Income,81.2,Wide,6.8,29.8,25.2,58.5,🔥 High,10.1,5.6,-0.8,2.1,,-1.9,1.17,36.8,0.105,,,,61.9,80.0,29.24,$13.7B,14.13,2.94,3.86,3.41,11.45,26.0,25.5,10.69,28.78,21.81,18.25,3.83,1.5,,28.25,-12.96,0.01,1.09,2.47,94.45,100.0,112.0,15.63,16.49,4.78,62.36,-0.74,80.0,2.0,29.24
LULU,lululemon athletica inc.,Consumer Cyclical,66.8,BUY,🏰 Wide Moat · ⭐ Compounder · 💎 Deep Value · ⚠️ Below 200 DMA,69.7,Wide,22.4,11.4,5.2,46.7,📈 Emerging,-1.3,0.0,-5.0,-0.3,,4.7,1.1,6.1,,,-12.4,,92.79,104.91,13.06,$10.3B,10.73,0.93,2.16,0.95,4.7,31.0,-4.3,-3.68,54.9,13.21,12.78,11.18,-11.2,,0.53,-58.94,0.45,0.92,13.07,80.63,100.0,,,14.4,2.19,144.95,-35.98,104.91,27.0,13.06
HL,Hecla Mining Company,Basic Materials,66.7,BUY,🔥 HG High · 🏰 Wide Moat · 🚀 Accel Growth · 💰 Income · 📐 Rule of 40 Elite,89.3,Wide,21.0,26.5,30.2,68.7,🔥 High,13.2,16.5,1.3,6.3,,3.9,1.7,72.0,0.121,,,,16.745,23.07,37.77,$11.2B,16.22,6.45,4.2,5.64,11.44,22.0,52.4,0.46,61.39,44.27,19.15,3.04,104.3,,41.79,-51.0,0.01,1.37,6.15,76.89,100.0,9.0,1.95,15.3,5.2,19.18,-12.7,23.07,10.0,37.77
YUMC,"Yum China Holdings, Inc.",Consumer Cyclical,66.6,BUY,🔥 HG High · 〰️ Narrow Moat · 💎 Deep Value · 📈 Analyst Conviction · 💰 Income,62.6,Narrow,-4.1,12.4,16.6,57.6,🔥 High,1.5,11.2,2.8,-0.3,,-0.0,1.86,19.5,0.098,,0.0,,40.2,61.91,54.0,$13.6B,11.87,1.09,2.65,0.89,8.14,17.0,12.6,2.03,20.33,11.47,7.84,6.32,13.5,,1.22,-31.15,0.38,0.06,1.78,74.4,100.0,290.0,38.83,8.08,0.96,47.26,-14.94,61.91,20.0,54.0
TOST,"Toast, Inc.",Technology,66.4,BUY,🔥 HG High · 〰️ Narrow Moat · 🚀 Accel Growth · 📈 Analyst Conviction,64.9,Narrow,-10.0,15.0,24.5,57.6,🔥 High,6.4,5.6,1.6,1.5,,0.8,1.23,30.1,0.099,6.1,13.2,,30.445,38.92,27.84,$17.6B,17.55,2.59,8.59,0.23,32.51,25.0,23.1,-0.18,26.65,7.44,7.14,2.7,92.5,,36.77,-23.36,,1.74,6.23,95.53,100.0,,,8.95,2.4,29.78,2.23,38.92,26.0,27.84
CBOE,"Cboe Global Markets, Inc.",Financial Services,66.4,BUY,🔥 HG High · 🏰 Wide Moat · 🚀 Accel Growth · 💰 Income,84.4,Wide,23.0,25.8,19.3,61.8,🔥 High,3.6,5.6,10.4,3.9,,-3.3,0.8,36.3,0.238,,88.4,5.1,269.62,312.8,16.02,$28.2B,17.78,5.56,5.01,2.4,14.27,26.0,22.9,11.48,54.08,34.63,26.73,2.41,50.2,,18.7,-27.36,0.28,0.41,2.98,91.27,100.0,127.0,22.45,11.58,1.56,287.1,-6.09,312.8,15.0,16.02
POWW,Outdoor Holding Company,Industrials,66.4,BUY,🔥 HG High · 🏰 Wide Moat · 📐 Rule of 40,83.5,Wide,27.6,21.0,17.7,57.0,🔥 High,3.6,2.4,2.8,5.1,,-2.7,-3.8,43.0,0.175,,,,2.285,3.5,53.17,$265M,,4.94,1.12,,9.32,2.0,22.1,15.9,87.84,22.76,12.09,4.23,,,60.92,-14.42,0.05,0.96,3.19,56.49,100.0,,,2.36,4.74,2.06,10.92,3.5,2.0,53.17
PCTY,Paylocity Holding Corporation,Technology,66.3,BUY,🔥 HG High · 🏰 Wide Moat · ⭐ Compounder,70.1,Wide,14.4,18.9,6.6,53.2,🔥 High,-1.3,10.1,-3.2,0.9,,-1.6,1.63,31.3,0.386,12.5,-1.9,,145.77,172.2,18.13,$8.1B,15.0,4.56,6.61,1.17,17.59,22.0,11.0,23.06,69.28,19.06,15.23,4.46,24.1,,56.76,-9.98,0.11,0.5,6.5,89.08,100.0,,,5.21,1.09,125.07,16.55,172.2,20.0,18.13
ISSC,Innovative Solutions and Suppor,Industrials,66.3,BUY,🏰 Wide Moat,77.1,Wide,20.6,21.2,11.8,49.7,📈 Emerging,2.3,-0.8,-7.2,5.1,,0.6,0.68,19.2,0.489,4.7,-61.0,,24.78,31.5,27.12,$444M,24.0,4.76,5.75,0.83,15.9,29.0,10.7,0.53,54.94,23.67,20.5,1.79,83.7,,204.8,-19.91,0.7,0.6,4.17,59.57,100.0,,,13.81,2.97,19.52,26.95,31.5,4.0,27.12
DGII,Digi International Inc.,Technology,66.3,BUY,🔥 HG High · 🏰 Wide Moat · 🚀 Accel Growth · 💎 Deep Value · 📐 Rule of 40,76.7,Wide,12.7,17.0,23.2,63.3,🔥 High,8.8,15.3,-2.6,5.1,,1.4,1.46,54.3,0.202,14.8,1.4,,74.7059,85.4,14.31,$2.8B,23.85,5.6,4.14,0.98,25.78,7.0,29.0,14.35,64.91,16.51,9.63,4.52,53.7,,117.11,-13.97,0.17,0.96,6.19,107.29,100.0,,,5.22,1.13,59.93,24.66,85.4,5.0,14.31
GIB,CGI Inc.,Technology,66.3,BUY,〰️ Narrow Moat · 💎 Deep Value · 💰 Income,53.9,Narrow,-2.6,5.2,5.2,48.7,📈 Emerging,-3.7,2.8,-2.6,0.9,,-0.2,1.09,15.8,0.442,,,,71.5,81.1,13.43,$14.8B,10.42,0.9,2.05,0.94,6.23,17.0,2.5,3.55,20.43,16.21,10.54,14.77,13.8,,19.91,-24.89,0.44,0.19,,75.44,100.0,69.0,8.2,8.69,0.94,73.95,-3.31,81.1,2.0,13.43
PAYC,"Paycom Software, Inc.",Technology,66.3,BUY,🏰 Wide Moat,74.6,Wide,29.3,13.8,5.6,48.4,📈 Emerging,-1.3,0.4,-3.2,0.9,,-0.1,0.38,29.6,0.504,13.8,0.2,,222.48,217.76,-2.12,$10.0B,15.95,4.68,16.93,1.17,14.38,41.0,9.8,15.91,88.06,31.72,22.78,4.23,20.0,,112.09,-9.18,1.72,0.83,6.85,95.14,100.0,68.0,15.87,8.78,1.07,154.86,43.67,217.76,17.0,-2.12
ROP,"Roper Technologies, Inc.",Technology,66.2,BUY,🔥 HG High · 🏰 Wide Moat · 💰 Income,67.8,Wide,19.2,1.9,14.2,50.3,🔥 High,-0.5,-0.8,-3.2,5.1,,0.3,0.67,35.9,0.654,,-12.8,,356.18,439.43,23.37,$35.2B,14.61,4.25,1.88,1.39,14.21,13.0,8.5,3.86,69.53,27.72,30.24,6.43,208.9,,16.41,-31.67,0.61,0.75,6.05,106.96,100.0,103.0,14.46,4.23,0.55,369.15,-3.51,439.43,14.0,23.37
FICO,Fair Isaac Corporation,Technology,66.2,BUY,🔥 HG High · 🏰 Wide Moat · 💎 Deep Value · 📈 Analyst Conviction · 📐 Rule of 40 · ⚠️ Below 200 DMA,77.0,Wide,28.1,7.0,18.4,69.0,🔥 High,10.4,18.6,5.2,3.9,,3.2,2.62,58.1,0.319,9.5,18.5,,666.7005,1207.05,81.05,$14.4B,12.98,6.02,-3.51,0.58,15.54,,25.7,34.11,85.1,53.79,34.05,5.38,30.5,,13.76,-64.66,,1.34,10.82,102.01,100.0,,,39.98,1.18,1218.66,-45.29,1207.05,19.0,81.05
THC,Tenet Healthcare Corporation,Healthcare,66.2,BUY,〰️ Narrow Moat,61.3,Narrow,0.2,11.6,10.6,48.4,📈 Emerging,1.6,-3.2,-2.6,0.9,,1.3,-8.02,17.1,0.242,,,,259.065,284.64,9.87,$20.9B,12.29,0.96,4.48,1.79,7.42,37.0,6.8,9.3,41.66,18.16,10.27,10.78,186.8,,64.4,-8.47,1.52,1.2,2.94,102.04,100.0,,,8.32,1.41,213.48,21.35,284.64,22.0,9.87
OMC,Omnicom Group Inc.,Communication Services,66.1,BUY,🔥 HG High · 🏰 Wide Moat · 💰 Income · 📐 Rule of 40 Elite,66.8,Wide,-2.6,6.0,29.8,69.1,🔥 High,19.0,4.8,9.3,5.1,,9.4,-1.4,82.4,0.021,,23.5,8.8,74.68,102.17,36.81,$20.5B,6.41,0.92,2.12,15.97,7.98,6.0,63.4,54.64,18.96,15.38,1.74,20.8,127.0,,12.59,-16.62,1.08,0.7,9.57,110.72,100.0,432.0,815.79,5.09,0.92,78.31,-4.64,102.17,12.0,36.81
CVS,CVS Health Corporation,Healthcare,66.1,BUY,🔥 HG High · 〰️ Narrow Moat · 💎 Deep Value · 📈 Analyst Conviction · 💰 Income,55.9,Narrow,-6.5,0.8,17.4,50.0,🔥 High,2.3,-3.2,1.3,-0.3,,1.0,-0.18,9.1,0.059,,,,86.81,116.28,33.95,$111.0B,10.17,0.27,1.39,0.2,10.38,6.0,7.1,-2.38,13.65,3.86,1.18,7.27,191.8,,24.89,-21.57,0.95,0.6,1.27,90.82,100.0,308.0,70.0,2.97,0.87,87.69,-1.0,116.28,25.0,33.95
GL,Globe Life Inc.,Financial Services,66.0,BUY,🔥 HG High · 🏰 Wide Moat · ⭐ Compounder · 💰 Income,66.1,Wide,13.4,6.3,12.2,54.1,🔥 High,0.8,4.4,-0.8,3.9,,,1.15,26.8,0.317,,,,165.23,193.91,17.36,$12.7B,10.0,2.05,2.07,1.3,9.35,21.0,8.0,3.08,33.91,24.64,19.58,9.16,13.8,,29.24,-13.74,0.56,0.44,3.12,87.27,100.0,80.0,7.96,3.36,0.8,157.39,4.98,193.91,11.0,17.36
FLEX,Flex Ltd.,Technology,66.0,BUY,🔥 HG High · 〰️ Narrow Moat · 🚀 Accel Growth,62.5,Narrow,-14.0,15.5,23.3,61.8,🔥 High,4.3,5.6,3.7,9.9,,0.4,1.04,22.7,0.077,,12.6,,118.75,160.5,35.16,$43.9B,16.83,1.5,7.98,0.94,21.75,18.0,20.6,7.35,9.53,4.97,3.33,1.43,48.4,,123.76,-28.83,1.08,1.66,2.73,96.67,100.0,,,4.42,1.38,99.61,19.21,160.5,10.0,35.16
DBD,Diebold Nixdorf Incorporated,Technology,66.0,BUY,🔥 HG High · 〰️ Narrow Moat · 💎 Deep Value,56.1,Narrow,-5.0,0.3,16.8,52.7,🔥 High,-2.9,2.8,0.4,5.1,,0.6,0.99,9.8,0.458,2.3,-7.8,1.4,63.77,98.33,54.19,$2.2B,9.08,0.56,2.24,0.34,6.53,11.0,1.7,-5.65,26.27,8.27,2.87,14.41,27.0,,17.05,-30.75,1.14,1.19,18.1,116.9,100.0,,,5.82,1.27,75.26,-15.27,98.33,3.0,54.19
M,Macy's Inc,Consumer Cyclical,66.0,BUY,🔥 HG High · 〰️ Narrow Moat · 💰 Income,62.0,Narrow,8.0,7.2,8.6,54.7,🔥 High,-1.3,2.8,-2.6,10.5,,3.0,1.06,3.9,0.356,,,,22.6,23.36,3.36,$5.9B,9.45,0.26,1.2,2.65,6.95,16.0,1.2,-0.43,40.28,3.2,3.29,10.25,94.3,,37.72,-15.01,1.03,1.47,15.23,98.27,100.0,337.0,27.39,3.51,1.59,21.58,4.73,23.36,11.0,3.36
PYPL,"PayPal Holdings, Inc.",Financial Services,66.0,BUY,🏰 Wide Moat · ⭐ Compounder · 💎 Deep Value · 💰 Income,68.1,Wide,15.5,10.3,10.0,47.8,📈 Emerging,-3.7,1.6,-2.6,0.3,,-1.2,0.09,17.8,0.294,9.4,,,53.33,56.92,6.73,$45.6B,9.22,1.34,2.32,0.93,7.46,24.0,4.8,-0.76,40.48,16.97,14.36,9.7,-12.5,,38.66,-32.68,0.72,1.28,3.84,78.95,100.0,106.0,7.94,4.62,1.29,50.25,6.13,56.92,32.0,6.73
KLAC,KLA Corporation,Technology,65.9,BUY,🔥 HG High · 🏰 Wide Moat · 💰 Income,79.1,Wide,14.9,23.4,19.3,51.4,🔥 High,2.8,2.8,-3.2,0.3,,-0.1,1.25,34.5,1.316,11.3,-13.0,,201.34,233.77,16.11,$262.7B,30.03,19.35,41.45,1.98,44.85,87.0,15.2,6.4,61.3,42.49,35.57,1.0,13.3,,105.25,-34.5,0.97,1.45,2.02,93.93,100.0,44.0,21.86,20.8,2.88,177.81,13.23,233.77,26.0,16.11
FIGS,"FIGS, Inc.",Consumer Cyclical,65.9,BUY,🔥 HG High · 🏰 Wide Moat · 🚀 Accel Growth · 💎 Deep Value,87.8,Wide,22.4,22.1,30.4,61.6,🔥 High,14.1,2.0,-1.1,8.1,,8.3,0.22,39.9,0.098,,-11.6,,13.461,18.62,38.33,$2.2B,35.32,3.15,5.04,0.12,25.46,15.0,28.8,5.43,68.91,17.93,8.72,3.52,299.8,,98.83,-22.99,0.13,1.07,18.13,99.79,100.0,,,7.75,4.96,12.77,5.41,18.62,8.0,38.33
NTAP,"NetApp, Inc.",Technology,65.8,BUY,🔥 HG High · 🏰 Wide Moat · 🚀 Accel Growth · 📐 Rule of 40,79.5,Wide,16.1,21.0,21.4,57.6,🔥 High,8.0,10.8,-8.0,4.5,,-0.7,1.15,45.7,0.196,14.3,10.0,,225.845,201.06,-10.97,$44.4B,20.31,6.0,29.61,2.51,20.72,115.0,29.9,14.25,70.63,26.67,19.18,2.64,60.9,,141.06,-2.61,1.7,1.45,5.18,101.95,100.0,92.0,29.34,11.66,1.24,138.76,62.76,201.06,16.0,-10.97
PINS,"Pinterest, Inc.",Communication Services,65.7,BUY,🔥 HG High · 🏰 Wide Moat · 🚀 Accel Growth · 💎 Deep Value · 📈 Analyst Conviction · 📐 Rule of 40,81.5,Wide,21.0,14.9,26.5,55.5,🔥 High,3.5,6.4,1.3,-0.3,,-1.5,-0.53,44.5,0.131,33.8,,,19.89,29.05,46.05,$11.3B,8.28,2.47,3.89,0.25,34.21,6.0,18.2,-3.97,79.47,-3.46,5.46,10.62,,,43.71,-43.85,0.41,0.9,15.92,108.08,100.0,,,3.51,3.81,21.23,-6.31,29.05,35.0,46.05
FOXA,Fox Corporation,Communication Services,65.6,BUY,🔥 HG High · 🏰 Wide Moat · 🚀 Accel Growth · 💰 Income · ⚠️ High Short,73.7,Wide,1.5,17.1,28.4,55.6,🔥 High,8.0,2.0,-3.2,4.5,,,0.59,31.3,0.062,,-14.5,,61.33,76.42,24.6,$25.9B,10.49,1.51,2.21,1.12,7.65,14.0,28.1,6.85,36.63,25.21,9.84,2.15,-3.6,,26.87,-19.71,0.64,0.61,26.45,131.32,100.0,93.0,14.58,9.5,3.17,63.15,-2.88,76.42,18.0,24.6
ZBRA,Zebra Technologies Corporation,Technology,65.6,BUY,🔥 HG High · 🏰 Wide Moat · 💎 Deep Value,67.8,Wide,6.9,9.1,19.3,55.2,🔥 High,5.9,-0.4,-5.0,9.9,,4.8,-2.58,30.3,0.173,11.0,-1.3,,373.07,411.45,10.29,$17.7B,16.81,3.02,5.15,0.63,17.39,15.0,20.4,13.26,49.58,21.26,9.22,3.27,108.0,,87.43,-3.41,0.86,1.58,4.59,105.83,100.0,,,7.32,0.52,267.18,39.63,411.45,15.0,10.29
DOCU,"DocuSign, Inc.",Technology,65.5,BUY,🔥 HG High · 🏰 Wide Moat · 💎 Deep Value · 📐 Rule of 40,74.0,Wide,21.9,11.3,14.4,57.5,🔥 High,-0.5,20.2,-5.6,0.9,,0.3,3.86,48.5,0.389,20.7,-3.8,,70.4399,69.99,-0.64,$13.2B,13.52,3.92,7.71,0.73,27.86,18.0,9.4,1.45,79.61,13.43,9.82,9.97,23.4,,75.4,-6.08,0.11,0.86,9.76,95.91,100.0,,,6.35,0.64,53.66,31.27,69.99,16.0,-0.64
HAS,"Hasbro, Inc.",Consumer Cyclical,65.5,BUY,🔥 HG High · 🏰 Wide Moat · 🚀 Accel Growth · ⚠️ High Leverage,83.8,Wide,25.6,16.9,24.5,58.4,🔥 High,8.0,6.8,-3.2,5.1,,3.2,0.93,30.0,0.188,8.2,-13.0,,89.94,110.62,22.99,$12.7B,13.83,2.55,18.02,1.63,11.65,160.0,16.2,-27.91,63.82,22.16,15.97,5.42,,,29.41,-15.93,5.31,0.44,5.85,101.06,100.0,313.0,50.09,13.08,1.66,90.37,-0.48,110.62,13.0,22.99
BBY,"Best Buy Co., Inc.",Consumer Cyclical,65.4,BUY,🔥 HG High · 〰️ Narrow Moat · 💰 Income,59.6,Narrow,-6.5,13.8,11.8,51.0,🔥 High,-0.8,4.0,-5.6,4.5,,1.2,1.02,6.9,0.133,,-0.6,,87.64,86.95,-0.79,$18.4B,12.15,0.44,5.79,1.66,7.71,43.0,3.6,-7.61,22.6,3.9,3.01,7.64,69.4,,59.06,-9.21,1.3,1.28,8.6,96.97,100.0,437.0,63.56,7.25,1.12,72.95,20.14,86.95,20.0,-0.79
UHS,"Universal Health Services, Inc.",Healthcare,65.3,BUY,🔥 HG High · 〰️ Narrow Moat · ⭐ Compounder · 💰 Income,62.2,Narrow,-1.6,10.3,15.4,52.9,🔥 High,2.3,4.0,-2.6,2.1,,0.4,0.88,11.1,0.104,,,,176.15,194.35,10.33,$10.4B,7.34,0.57,1.38,1.19,5.79,21.0,8.3,-0.0,44.61,11.14,8.42,4.8,1.5,,25.75,-28.49,0.69,1.03,6.58,103.36,100.0,46.0,3.26,8.32,1.12,180.81,-2.58,194.35,17.0,10.33
ABNB,"Airbnb, Inc.",Consumer Cyclical,65.3,BUY,🔥 HG High · 🏰 Wide Moat · 🚀 Accel Growth · 📐 Rule of 40,85.3,Wide,27.6,19.7,22.5,64.8,🔥 High,5.6,18.4,5.4,0.3,,0.0,2.2,40.9,0.397,19.2,62.4,,163.805,183.62,12.1,$98.1B,26.45,7.45,12.39,1.39,31.22,35.0,16.5,-34.6,82.9,21.01,20.45,3.27,27.1,,47.83,-15.33,0.32,1.24,3.5,89.32,100.0,,,6.14,1.41,143.49,14.16,183.62,40.0,12.1
PAYX,"Paychex, Inc.",Technology,65.1,BUY,🔥 HG High · 🏰 Wide Moat · 💰 Income,71.4,Wide,22.0,13.8,6.6,55.7,🔥 High,-0.5,10.0,-3.2,5.1,,0.2,2.01,34.5,0.999,,-1.6,,98.96,113.93,15.13,$35.2B,15.49,5.34,9.42,1.84,12.64,47.0,5.9,17.46,74.39,38.5,27.35,5.36,12.0,,15.81,-23.43,1.25,0.85,6.23,85.79,100.0,481.0,90.08,10.19,1.28,103.81,-4.67,113.93,14.0,15.13
QCOM,QUALCOMM Incorporated,Technology,65.0,BUY,🔥 HG High · 〰️ Narrow Moat · ⭐ Compounder · 💎 Deep Value · 💰 Income,60.7,Narrow,5.5,8.9,6.8,51.1,🔥 High,-7.2,11.8,-2.6,0.3,,-1.8,2.96,19.2,,20.4,2.5,,181.12,194.13,7.18,$193.4B,17.75,4.39,6.92,0.82,16.76,34.0,-4.0,-5.96,54.23,18.53,21.01,5.29,-24.9,,48.47,-30.32,0.55,1.65,4.01,83.14,100.0,199.0,41.55,11.61,2.02,169.26,7.01,194.13,30.0,7.18
PLTK,Playtika Holding Corp.,Communication Services,65.0,BUY,🔥 HG High · 〰️ Narrow Moat · ⚠️ Below 200 DMA,63.2,Narrow,25.4,-0.2,1.0,52.5,🔥 High,-2.9,-0.4,-3.6,11.9,,0.6,-0.2,19.2,0.205,15.5,-34.4,,2.154,4.78,121.91,$822M,3.31,0.29,-2.05,1.52,4.55,,5.0,10.39,73.48,18.75,-9.89,48.75,44.6,,4.06,-51.27,,1.07,8.74,16.2,100.0,1835.0,166.67,8.4,1.14,3.26,-33.93,4.78,10.0,121.91
JD,"JD.com, Inc.",Consumer Cyclical,65.0,BUY,〰️ Narrow Moat · 💎 Deep Value · 📈 Analyst Conviction · 💰 Income,46.0,Narrow,-9.0,0.1,1.0,43.2,📈 Emerging,-2.9,-8.0,-5.1,2.3,,0.8,0.41,-1.7,,1.7,-23.6,,26.36,39.49,49.81,$35.6B,6.29,0.03,1.08,0.47,-1.56,7.0,-2.9,5.56,9.42,1.2,1.13,45.31,15.4,,7.56,-27.06,0.37,0.32,1.78,16.6,100.0,388.0,70.39,0.19,1.14,28.89,-8.76,39.49,35.0,49.81
GAP,"Gap, Inc. (The)",Consumer Cyclical,64.8,BUY,🔥 HG High · 〰️ Narrow Moat · 💰 Income · ⚠️ High Beta,59.7,Narrow,5.2,6.9,7.2,50.4,🔥 High,0.3,-6.8,-0.8,8.1,,12.3,0.54,-0.4,,,,,22.715,26.51,16.71,$8.0B,8.62,0.52,2.02,1.13,7.59,34.0,-2.0,-11.29,40.54,6.71,8.14,3.09,131.9,,25.43,-22.63,1.45,2.03,13.92,66.44,100.0,311.0,20.48,4.78,1.82,23.51,-3.38,26.51,19.0,16.71
SEIC,SEI Investments Company,Financial Services,64.8,BUY,🔥 HG High · 🏰 Wide Moat · 💰 Income,84.7,Wide,30.0,26.2,12.6,53.3,🔥 High,3.9,-2.8,1.6,3.9,,3.0,-14.5,30.1,0.341,,18.1,,101.58,117.12,15.3,$12.2B,14.57,4.98,4.88,1.75,16.18,28.0,14.7,7.55,78.39,30.71,28.85,3.1,-13.8,,35.3,-9.42,0.02,0.97,2.02,77.77,100.0,102.0,18.34,14.76,5.06,90.99,11.64,117.12,8.0,15.3
AMKR,"Amkor Technology, Inc.",Technology,64.8,BUY,🔥 HG High · 〰️ Narrow Moat · 🚀 Accel Growth · 💰 Income · ⚠️ High Beta,64.6,Narrow,-10.1,15.6,23.4,66.5,🔥 High,10.4,-1.6,6.9,17.2,,2.5,-1.8,20.5,0.074,2.5,33.8,,54.685,76.4,39.71,$13.6B,19.49,1.82,2.92,0.76,10.66,13.0,25.6,-15.21,15.51,10.53,7.45,-2.79,219.3,,93.99,-43.44,0.57,2.22,16.08,48.63,100.0,60.0,14.94,4.62,2.17,57.27,-4.51,76.4,10.0,39.71
BILL,"BILL Holdings, Inc.",Technology,64.8,BUY,🏰 Wide Moat · 💎 Deep Value · 📈 Analyst Conviction,74.2,Wide,19.7,10.9,17.4,49.8,📈 Emerging,1.6,1.2,-7.2,3.9,,1.0,-0.58,27.3,0.161,18.2,-21.5,,44.0801,57.3,29.99,$3.8B,10.14,2.27,1.15,0.43,36.76,-0.0,13.8,2.73,83.94,9.7,-0.68,5.93,,,40.34,-22.95,0.54,1.14,17.56,118.02,100.0,,,0.11,1.51,43.28,1.85,57.3,20.0,29.99
KDP,Keurig Dr Pepper Inc.,Consumer Defensive,64.7,BUY,🔥 HG High · 🏰 Wide Moat · 🚀 Accel Growth · 💎 Deep Value · 💰 Income · 📐 Rule of 40 Elite,79.0,Wide,22.4,6.0,29.0,59.8,🔥 High,11.0,8.4,-0.8,0.9,,-11.8,0.7,98.5,0.054,,,,30.52,36.21,18.64,$41.5B,12.04,2.07,1.66,0.94,17.05,5.0,75.6,-7.66,50.96,12.89,7.1,11.09,-74.0,,22.67,-9.76,1.0,0.41,6.47,109.58,100.0,303.0,92.93,3.38,0.48,29.43,3.7,36.21,17.0,18.64
AOS,A.O. Smith Corporation,Industrials,64.7,BUY,🔥 HG High · 🏰 Wide Moat · ⭐ Compounder · 💰 Income,68.6,Wide,15.4,11.4,10.0,51.8,🔥 High,-3.7,0.0,-0.8,8.1,,-0.1,1.15,12.0,,,,,55.735,69.91,25.43,$7.6B,13.64,1.99,4.11,1.34,10.47,27.0,-0.7,0.33,38.59,18.93,13.15,6.4,-17.9,,2.91,-31.92,0.37,1.11,11.14,117.51,100.0,254.0,39.55,12.54,1.59,64.36,-13.4,69.91,11.0,25.43
PSTL,"Postal Realty Trust, Inc.",Real Estate,64.6,BUY,🔥 HG High · 🏰 Wide Moat · 🚀 Accel Growth · 💎 Deep Value · 💰 Income · 📐 Rule of 40,75.8,Wide,20.0,14.5,16.5,61.8,🔥 High,3.6,15.6,-0.8,5.1,,1.4,2.15,58.7,0.486,,,,22.6,26.79,18.54,$899M,29.45,8.52,2.04,0.74,18.84,6.0,22.4,9.55,78.36,39.69,16.42,4.26,39.8,,58.6,-10.39,0.92,0.79,9.57,82.59,100.0,432.0,180.56,3.2,2.25,21.22,6.5,26.79,7.0,18.54
ACT,"Enact Holdings, Inc.",Financial Services,64.6,BUY,🔥 HG High · 🏰 Wide Moat · 💰 Income · 📐 Rule of 40,69.7,Wide,29.5,6.9,2.6,55.9,🔥 High,-3.7,2.0,-2.6,16.0,,,0.17,45.7,1.259,,,,45.62,50.2,10.04,$6.3B,9.0,5.0,1.17,2.14,,13.0,4.1,0.2,73.18,73.26,54.51,8.32,4.2,,31.7,-9.77,0.14,0.47,12.25,22.63,100.0,212.0,18.35,8.35,0.92,43.67,4.47,50.2,5.0,10.04
APEI,"American Public Education, Inc.",Consumer Defensive,64.5,BUY,🔥 HG High · 🏰 Wide Moat · 💎 Deep Value,75.2,Wide,18.5,16.8,14.6,56.0,🔥 High,2.3,0.4,1.3,8.1,,0.4,0.62,13.1,0.199,,4.0,,44.18,62.83,42.21,$809M,11.75,1.21,2.58,0.96,8.69,16.0,5.5,7.06,55.85,7.88,6.84,6.31,117.4,,46.29,-28.27,0.49,1.41,12.2,109.69,100.0,,,7.92,3.25,48.87,-9.6,62.83,6.0,42.21
CHKP,Check Point Software Technologi,Technology,64.4,BUY,🏰 Wide Moat · ⭐ Compounder,73.2,Wide,26.7,12.5,6.8,49.0,📈 Emerging,-3.7,8.8,-5.0,-2.1,,-1.1,2.09,26.6,3.648,16.8,-3.5,,129.715,145.83,12.42,$13.2B,11.49,4.79,4.88,1.15,15.49,38.0,1.3,-1.34,87.5,27.48,37.93,5.29,-4.4,,15.58,-38.42,0.72,0.47,8.1,76.88,100.0,,,7.6,1.67,145.55,-10.88,145.83,31.0,12.42
UBER,"Uber Technologies, Inc.",Technology,64.4,BUY,🔥 HG High · 🏰 Wide Moat · ⭐ Compounder · 📈 Analyst Conviction,65.1,Wide,-2.7,13.2,19.4,52.2,🔥 High,3.2,2.0,1.3,-2.1,,3.9,0.53,25.3,0.222,6.5,,,69.454,100.79,45.12,$141.9B,15.71,2.57,5.19,5.81,20.01,37.0,12.2,-1.96,40.75,13.32,17.34,5.11,76.7,,6.18,-31.43,0.52,1.26,2.32,85.36,100.0,,,6.88,0.84,74.73,-7.06,100.79,46.0,45.12
CDW,CDW Corporation,Technology,64.4,BUY,🔥 HG High · 〰️ Narrow Moat · ⚠️ High Leverage,59.2,Narrow,-8.0,10.8,15.4,55.1,🔥 High,-1.3,4.0,2.4,5.1,,-1.5,0.92,12.9,0.097,,8.0,6.6,136.03,158.67,16.64,$17.0B,11.32,0.72,6.98,1.33,11.3,44.0,10.0,-1.0,21.36,7.35,4.6,3.98,1.2,,40.06,-15.77,2.63,0.94,8.8,113.21,100.0,189.0,30.23,6.59,1.17,131.63,3.34,158.67,9.0,16.64
NEWT,"NewtekOne, Inc.",Financial Services,64.4,BUY,🔥 HG High · 🏰 Wide Moat · 💰 Income,79.5,Wide,25.5,15.9,17.0,52.0,🔥 High,1.5,-11.2,1.3,12.3,,,,-134.1,0.093,,,2.3,11.15,15.8,41.7,$322M,5.06,0.79,0.88,3.2,2.36,18.0,14.7,-5.21,86.29,52.05,16.1,-187.9,6.6,,16.27,-28.94,1.35,1.38,14.27,57.31,100.0,680.0,42.99,5.18,18.23,12.95,-13.9,15.8,5.0,41.7
NATR,"Nature's Sunshine Products, Inc",Consumer Defensive,64.3,BUY,🔥 HG High · 🏰 Wide Moat · ⚠️ Below 200 DMA,75.1,Wide,21.5,11.3,16.8,51.2,🔥 High,-0.1,4.0,-3.6,2.1,,1.0,0.94,5.3,0.169,,-66.1,,12.45,30.5,144.98,$219M,10.12,0.45,1.3,2.0,3.7,11.0,1.9,-4.24,73.16,4.69,3.68,7.53,-33.7,,1.06,-55.76,0.13,0.81,6.46,92.21,100.0,,,7.12,2.6,21.5,-42.09,30.5,2.0,144.98
NFLX,"Netflix, Inc.",Communication Services,64.3,BUY,🔥 HG High · 🏰 Wide Moat · ⭐ Compounder · 📈 Analyst Conviction · 📐 Rule of 40 Elite · ⚠️ Below 200 DMA,76.7,Wide,16.8,19.4,16.6,53.0,🔥 High,3.2,3.6,1.3,-2.1,,2.9,-0.53,65.9,0.442,7.5,1.2,,67.185,92.93,38.32,$279.8B,17.64,5.78,9.28,1.15,19.47,50.0,13.4,6.42,49.12,33.38,28.22,9.07,8.8,,3.23,-46.19,0.55,1.61,2.28,84.01,100.0,,,16.08,1.14,84.07,-20.08,92.93,45.0,38.32
MRVL,"Marvell Technology, Inc.",Technology,64.3,BUY,🔥 HG High · 🏰 Wide Moat · 🚀 Accel Growth · 💰 Income · 📐 Rule of 40 Elite · ⚠️ High Beta,75.4,Wide,2.7,24.0,23.6,66.9,🔥 High,12.5,13.2,5.4,2.7,,1.7,0.89,62.0,0.696,25.3,97.8,,268.3758,293.88,9.5,$241.2B,39.76,25.52,12.9,0.91,84.25,17.0,36.5,16.55,52.22,16.68,27.93,1.0,58.1,,279.65,-18.64,0.29,2.26,4.18,81.79,100.0,9.0,7.89,4.12,3.17,166.91,60.79,293.88,43.0,9.5
RCKY,"Rocky Brands, Inc.",Consumer Cyclical,64.3,BUY,🔥 HG High · 〰️ Narrow Moat · 💰 Income · ⚠️ High Beta,64.2,Narrow,-0.5,16.0,12.6,55.1,🔥 High,5.5,0.4,-2.6,6.9,,11.6,0.63,11.2,0.079,,,,45.43,50.0,10.06,$340M,10.82,0.67,1.29,1.17,12.68,11.0,12.0,1.52,38.66,2.35,5.72,-1.26,284.7,,72.8,-14.3,0.49,2.39,3.12,82.93,100.0,145.0,16.67,3.61,2.97,39.54,14.9,50.0,1.0,10.06
BHE,"Benchmark Electronics, Inc.",Technology,64.3,BUY,🔥 HG High · 〰️ Narrow Moat · 🚀 Accel Growth · 💰 Income,63.6,Narrow,-8.0,13.4,21.5,55.6,🔥 High,4.3,5.6,-3.2,4.5,,0.2,0.9,22.5,0.062,,7.6,,87.305,86.0,-1.49,$3.1B,26.4,1.11,2.81,1.33,21.07,5.0,17.7,-0.5,10.28,4.15,1.89,4.35,1945.5,,143.12,-13.05,0.26,1.26,4.53,105.03,100.0,78.0,46.58,3.1,1.99,69.68,25.29,86.0,3.0,-1.49
UI,Ubiquiti Inc.,Technology,64.3,BUY,🔥 HG High · 🏰 Wide Moat · 🚀 Accel Growth · 💰 Income · 📐 Rule of 40,75.2,Wide,6.0,32.0,12.0,62.3,🔥 High,5.6,8.4,1.6,8.9,,-0.2,1.04,45.2,0.481,6.2,24.4,,621.822,734.5,18.12,$37.6B,31.76,11.5,31.3,1.1,30.74,91.0,23.5,7.42,46.16,36.27,29.33,1.89,6.8,,24.31,-43.47,0.06,1.31,9.53,5.17,100.0,64.0,20.19,40.44,2.93,657.48,-5.42,734.5,2.0,18.12
GGG,Graco Inc.,Industrials,64.2,BUY,🔥 HG High · 🏰 Wide Moat · ⭐ Compounder · 💰 Income,76.0,Wide,22.6,19.3,9.6,50.1,🔥 High,-0.8,-2.0,-0.8,3.9,,1.4,0.1,27.0,1.628,3.7,4.7,,77.29,91.29,18.11,$12.5B,22.11,5.52,4.96,2.33,16.57,21.0,3.3,-0.59,52.64,29.73,23.53,4.29,13.6,,6.59,-19.23,0.02,0.88,4.3,93.68,100.0,151.0,35.85,12.71,2.99,81.83,-5.55,91.29,7.0,18.11
FOR,Forestar Group Inc,Real Estate,64.1,BUY,🔥 HG High · 〰️ Narrow Moat,59.7,Narrow,-2.6,10.9,11.0,55.2,🔥 High,-3.7,4.0,-1.1,11.2,,-0.4,1.17,13.1,0.239,,-1.8,,25.595,34.0,32.84,$1.3B,8.97,0.76,0.7,4.9,7.98,10.0,4.2,-44.18,21.39,11.25,9.88,11.69,9.1,,12.21,-20.17,0.44,1.4,3.95,38.39,100.0,,,4.21,2.07,27.43,-6.69,34.0,2.0,32.84
ORCL,Oracle Corporation,Technology,64.1,BUY,🔥 HG High · 🏰 Wide Moat · 🚀 Accel Growth · 📈 Analyst Conviction · ⚠️ High Leverage,76.1,Wide,13.4,18.0,20.2,61.4,🔥 High,4.0,3.3,8.4,7.0,,-5.9,1.49,-34.3,0.267,15.3,48.6,,145.35,237.97,63.72,$440.6B,13.22,6.14,7.11,0.79,16.49,41.0,29.6,19.47,63.96,35.63,26.36,-10.41,62.6,,26.94,-54.94,2.52,1.77,2.73,43.46,100.0,141.0,31.35,6.36,1.17,162.89,-10.77,237.97,41.0,63.72
VLTO,Veralto Corp,Industrials,64.0,BUY,🔥 HG High · 🏰 Wide Moat · 💰 Income,78.8,Wide,25.6,14.1,17.4,54.1,🔥 High,2.3,2.8,-0.8,3.9,,1.3,0.76,21.7,0.575,4.8,,,94.035,114.79,22.07,$22.9B,19.67,4.02,7.41,2.24,17.67,34.0,7.5,1.28,60.18,21.37,17.35,3.52,8.6,,17.5,-12.41,1.16,0.78,3.1,101.24,100.0,55.0,12.59,10.31,1.77,92.99,1.12,114.79,14.0,22.07
CAT,"Caterpillar, Inc.",Industrials,63.9,BUY,🔥 HG High · 🏰 Wide Moat · 🚀 Accel Growth,71.9,Wide,5.6,18.0,19.7,56.8,🔥 High,10.1,-1.6,4.8,0.3,,4.4,-5.4,30.8,0.239,3.2,44.1,,824.78,975.61,18.29,$379.1B,25.47,5.07,19.55,1.48,26.33,57.0,24.0,-1.26,29.71,22.18,14.51,1.33,64.9,,70.57,-23.17,2.33,1.58,2.03,73.47,100.0,77.0,26.0,9.03,1.37,795.1,3.73,975.61,26.0,18.29
ALSN,"Allison Transmission Holdings, ",Consumer Cyclical,63.8,BUY,🔥 HG High · 🏰 Wide Moat · 📐 Rule of 40 Elite,70.8,Wide,3.8,18.3,19.0,63.0,🔥 High,11.0,12.0,-0.8,3.9,,-10.6,0.82,97.2,0.033,5.8,1.9,,115.86,140.73,21.47,$9.6B,10.24,2.17,4.84,0.54,11.42,28.0,92.4,102.89,37.85,19.09,12.02,2.21,-7.2,,52.43,-15.81,2.12,0.98,4.06,106.99,100.0,98.0,17.81,8.46,1.81,117.53,-1.42,140.73,11.0,21.47
DELL,Dell Technologies Inc.,Technology,63.8,BUY,🔥 HG High · 〰️ Narrow Moat · 📐 Rule of 40 Elite,56.9,Narrow,-7.6,3.0,18.2,64.2,🔥 High,15.8,12.0,-2.6,3.3,,1.7,1.09,61.7,0.044,2.8,10.0,,554.7387,583.96,5.27,$352.7B,19.05,2.33,-248.76,0.57,21.52,,57.7,62.35,19.91,12.02,7.52,1.71,255.1,,403.3,-6.85,,1.44,4.68,78.0,100.0,45.0,13.43,8.64,0.96,293.15,89.23,583.96,25.0,5.27
MG,Mistras Group Inc,Industrials,63.7,BUY,🔥 HG High · 〰️ Narrow Moat,61.3,Narrow,5.6,6.4,10.4,53.8,🔥 High,-0.8,-0.8,3.0,6.3,,0.8,0.71,8.3,0.284,0.1,28.0,,20.425,23.0,12.61,$651M,16.15,0.88,2.71,1.02,10.14,12.0,4.2,-13.56,31.56,7.73,3.65,4.65,151.3,,117.98,-6.18,1.02,0.91,8.62,64.45,100.0,,,6.35,1.71,16.58,23.19,23.0,2.0,12.61
FTI,TechnipFMC plc,Energy,63.5,BUY,🔥 HG High · 🏰 Wide Moat · ⭐ Compounder · 💰 Income,65.2,Wide,-1.3,16.1,15.4,54.0,🔥 High,-2.4,13.4,-2.6,-0.3,,2.2,2.92,23.0,0.291,0.8,9.8,,69.11,75.95,9.9,$27.1B,19.11,2.6,8.3,2.18,13.73,36.0,9.0,-5.84,22.97,17.69,11.28,5.4,34.6,,95.83,-14.36,0.38,0.83,3.26,101.0,100.0,29.0,6.97,9.53,1.08,66.96,3.21,75.95,21.0,9.9
IMO,Imperial Oil Limited,Energy,63.5,BUY,🔥 HG High · 🏰 Wide Moat · 🚀 Accel Growth · 💰 Income · 📐 Rule of 40 · ⚠️ High Short,66.2,Wide,-7.4,22.5,17.0,66.2,🔥 High,11.5,14.1,-8.0,14.8,,6.9,1.67,51.5,0.028,,,,123.65,106.63,-13.76,,14.09,,3.36,5.18,7.58,17.0,42.6,3.91,18.06,17.48,8.06,,130.8,,48.49,-11.32,0.17,0.91,20.9,29.45,95.0,194.0,37.19,8.15,1.38,119.78,3.23,106.63,1.0,-13.76
PAGS,PagSeguro Digital Ltd.,Technology,63.5,BUY,🔥 HG High · 〰️ Narrow Moat · 💰 Income,59.4,Narrow,5.5,6.2,6.8,54.2,🔥 High,-2.9,5.8,-5.0,10.5,,0.4,2.61,-9.6,,,-18.4,,10.925,11.81,8.1,$3.0B,5.96,0.15,1.05,2.59,0.31,15.0,-0.2,-1.95,51.47,36.2,10.86,-61.64,2.3,,29.75,-11.32,0.12,1.24,12.79,74.68,100.0,1242.0,18.48,6.36,1.55,9.75,12.05,11.81,15.0,8.1
BAH,Booz Allen Hamilton Holding Cor,Industrials,63.5,BUY,🔥 HG High · 〰️ Narrow Moat · ⚠️ High Leverage,57.6,Narrow,-1.1,6.1,10.0,53.1,🔥 High,-3.7,0.0,4.8,5.1,,-0.4,1.25,3.6,,,35.0,,66.87,85.23,27.46,$8.0B,9.94,0.73,6.69,1.09,9.34,69.0,-4.2,-3.7,22.42,9.96,7.01,10.7,-26.9,,12.39,-38.71,3.46,0.37,6.83,100.46,100.0,350.0,35.85,9.19,1.59,77.79,-14.04,85.23,13.0,27.46
BR,"Broadridge Financial Solutions,",Technology,63.4,BUY,🔥 HG High · 〰️ Narrow Moat · 💰 Income,60.9,Narrow,1.1,13.8,6.6,57.5,🔥 High,2.7,13.4,-5.1,3.9,,7.5,2.68,23.5,0.375,,-23.8,,156.21,213.38,36.6,$17.6B,13.49,2.36,6.27,1.71,11.61,41.0,7.5,22.91,31.78,24.61,15.04,6.77,6.4,,16.72,-34.57,1.24,0.93,2.94,98.75,100.0,278.0,40.63,9.29,1.24,171.11,-8.71,213.38,8.0,36.6
CNA,CNA Financial Corporation,Financial Services,63.4,BUY,〰️ Narrow Moat · 💎 Deep Value · 💰 Income,61.6,Narrow,9.4,0.8,12.8,47.8,📈 Emerging,-3.7,0.4,-5.0,3.9,,,0.45,17.0,0.296,,-8.2,,46.21,49.0,6.04,$12.5B,9.63,0.83,1.12,0.92,7.58,11.0,3.0,-3.39,31.09,11.44,8.16,17.01,7.4,,11.27,-17.05,0.27,0.27,14.79,100.82,100.0,414.0,41.41,1.53,0.37,47.67,-3.06,49.0,1.0,6.04
CNM,"Core & Main, Inc.",Industrials,63.4,BUY,🔥 HG High · 〰️ Narrow Moat,63.0,Narrow,3.7,7.2,14.8,53.0,🔥 High,-1.6,1.2,1.3,5.1,,-0.4,1.15,8.7,0.526,,,,40.67,54.77,34.67,$7.5B,11.61,0.97,3.69,1.42,10.83,24.0,2.5,-7.37,27.05,10.58,5.96,6.36,7.5,,1.6,-31.83,1.31,0.91,5.53,113.41,100.0,,,7.13,2.47,49.2,-17.34,54.77,13.0,34.67
NVO,Novo Nordisk A/S,Healthcare,63.3,BUY,🔥 HG High · 〰️ Narrow Moat · ⭐ Compounder · 💰 Income,64.6,Narrow,29.2,8.2,-8.5,50.9,🔥 High,-3.6,-1.6,-0.8,7.7,,-3.3,-0.1,13.5,0.376,16.8,,,37.03,45.89,23.93,$163.5B,11.14,0.5,4.88,4.28,1.5,60.0,2.1,29.14,81.99,42.54,35.35,23.04,-20.8,,5.44,-42.28,0.63,0.38,0.83,9.9,,481.0,45.09,18.73,0.87,45.65,-18.88,45.89,12.0,23.93
FTNT,"Fortinet, Inc.",Technology,63.2,BUY,🔥 HG High · 🏰 Wide Moat · 🚀 Accel Growth · 📐 Rule of 40,84.5,Wide,24.2,25.5,18.6,56.5,🔥 High,8.0,8.0,-0.8,-2.1,,-0.1,1.21,55.7,0.671,12.0,10.2,,181.435,164.32,-9.43,$133.1B,48.03,17.68,85.83,1.99,49.8,117.0,25.6,7.23,80.2,33.6,28.17,1.7,37.8,,146.68,-0.9,0.36,1.04,2.26,71.47,100.0,,,14.17,1.28,118.57,53.02,164.32,36.0,-9.43
HUBS,"HubSpot, Inc.",Technology,63.2,BUY,🔥 HG High · 🏰 Wide Moat · 🚀 Accel Growth · 💎 Deep Value,77.1,Wide,20.9,13.4,19.3,52.5,🔥 High,3.5,9.6,-7.2,-0.9,,-1.3,0.88,39.1,0.141,28.9,-24.9,,215.45,249.72,15.91,$11.0B,12.81,3.2,6.46,0.26,61.26,8.0,19.8,8.83,83.25,4.87,4.26,6.04,,,27.01,-57.17,0.14,1.24,8.5,100.37,100.0,,,2.36,1.38,246.37,-12.55,249.72,31.0,15.91
ACGL,Arch Capital Group Ltd.,Financial Services,63.2,BUY,〰️ Narrow Moat,61.3,Narrow,18.8,0.5,3.1,48.0,📈 Emerging,-12.0,9.0,-0.8,-0.3,,,3.17,11.9,,,,,93.76,111.39,18.8,$32.0B,9.6,1.66,1.37,1.05,5.83,20.0,-10.5,-12.11,38.76,26.58,24.4,13.45,-14.6,,13.72,-12.45,0.18,0.26,2.5,94.11,100.0,,,4.12,0.59,96.37,-2.71,111.39,19.0,18.8
SOFI,"SoFi Technologies, Inc.",Financial Services,63.1,BUY,🔥 HG High · 🏰 Wide Moat · 🚀 Accel Growth · 📈 Analyst Conviction · ⚠️ High Beta,81.5,Wide,22.4,14.5,25.4,61.4,🔥 High,13.8,-3.2,-0.8,13.0,,,,,0.112,,,0.8,15.9395,20.35,27.67,$20.6B,19.34,4.82,1.86,0.56,,7.0,42.6,14.43,83.73,16.96,14.91,,61.0,,7.12,-51.3,0.31,2.33,14.83,51.45,100.0,,,1.25,1.1,18.94,-15.84,20.35,22.0,27.67
AFRM,"Affirm Holdings, Inc.",Financial Services,63.1,BUY,🔥 HG High · 🏰 Wide Moat · 🚀 Accel Growth · 📈 Analyst Conviction · 📐 Rule of 40 · ⚠️ High Beta,86.8,Wide,17.4,25.0,30.4,66.2,🔥 High,10.9,18.6,1.3,1.5,,1.3,5.25,44.2,0.229,,,,72.985,99.09,35.77,$24.6B,15.12,5.78,4.49,8.59,43.56,45.0,33.0,11.3,48.93,12.63,45.29,1.94,2234.7,,73.38,-19.3,1.83,3.82,5.53,88.81,100.0,,,1.93,11.98,66.78,9.29,99.09,32.0,35.77
TTD,"The Trade Desk, Inc.",Communication Services,63.0,BUY,🏰 Wide Moat · 💎 Deep Value · ⚠️ High Short · ⚠️ Below 200 DMA,75.3,Wide,27.4,9.8,12.8,45.8,📈 Emerging,-5.7,-1.6,-2.6,1.5,,-3.4,-3.89,22.5,0.509,18.1,,,11.838,13.57,14.63,$5.6B,11.73,1.87,2.16,0.86,6.54,15.0,3.0,-6.84,76.87,14.21,13.61,10.42,-28.6,,0.62,-79.01,0.17,0.99,24.17,89.04,100.0,,,6.25,1.72,22.6,-47.62,13.57,30.0,14.63
IMKTA,"Ingles Markets, Incorporated",Consumer Defensive,63.0,BUY,〰️ Narrow Moat · 💎 Deep Value · 💰 Income,58.8,Narrow,-2.0,7.7,11.8,46.5,📈 Emerging,-1.6,-3.2,-3.2,0.9,,-0.2,-91.81,4.1,0.198,,,,86.53,,,$1.6B,18.41,0.3,0.98,0.85,6.6,6.0,1.6,-4.43,24.3,2.06,1.92,8.19,-1.1,,28.94,-9.51,0.31,0.57,11.13,101.5,100.0,76.0,12.07,3.35,3.21,84.83,2.0,,,
ESTC,Elastic N.V.,Technology,63.0,BUY,🔥 HG High · 🏰 Wide Moat · ⭐ Compounder · 📐 Rule of 40,77.2,Wide,12.4,22.2,19.3,54.9,🔥 High,2.8,12.4,-3.2,-2.1,,-1.6,0.87,43.1,0.331,26.0,-1.5,,93.14,110.69,18.84,$9.8B,23.55,5.43,7.55,1.37,-404.06,33.0,15.1,6.42,75.59,-0.61,20.84,5.16,,,121.5,-13.76,0.46,1.04,4.59,89.19,100.0,,,-0.57,1.81,65.06,43.16,110.69,26.0,18.84
SHOP,Shopify Inc.,Technology,62.9,BUY,🔥 HG High · 🏰 Wide Moat · 🚀 Accel Growth · 📐 Rule of 40 · ⚠️ High Beta,75.8,Wide,1.0,26.5,23.6,55.1,🔥 High,10.1,2.4,-5.0,2.7,,-0.4,-2.63,45.7,0.425,13.3,-19.4,,159.005,172.77,8.66,$206.3B,64.89,15.55,16.16,1.73,79.34,16.0,33.7,11.46,47.77,17.56,14.53,0.77,65.8,,69.15,-12.73,0.01,2.62,1.36,73.2,100.0,,,10.19,5.35,129.55,22.74,172.77,48.0,8.66
GEHC,GE HealthCare Technologies Inc.,Healthcare,62.9,BUY,🔥 HG High · 〰️ Narrow Moat · 📈 Analyst Conviction · 💰 Income,62.2,Narrow,-3.6,10.3,17.4,52.7,🔥 High,1.6,2.8,1.3,-0.3,,2.0,1.1,13.2,0.306,6.1,6.7,,63.83,83.05,30.11,$28.8B,11.79,1.36,2.63,1.6,10.51,19.0,5.8,-0.25,39.53,14.98,9.33,5.46,15.4,,8.65,-28.9,0.94,0.85,4.24,94.0,100.0,25.0,3.22,5.13,1.26,71.28,-10.45,83.05,19.0,30.11
CDNS,"Cadence Design Systems, Inc.",Technology,62.8,BUY,🔥 HG High · 🏰 Wide Moat · 🚀 Accel Growth · 📐 Rule of 40,83.2,Wide,24.0,22.5,19.3,52.8,🔥 High,5.6,7.2,-5.0,-2.1,,-1.2,0.61,51.8,0.693,33.4,-7.4,,358.055,405.47,13.24,$98.6B,37.43,16.89,14.38,2.68,45.4,23.0,24.2,10.11,85.87,28.58,23.61,1.63,129.3,,36.27,-14.07,0.39,1.13,1.59,91.56,100.0,,,10.61,1.74,325.69,9.94,405.47,26.0,13.24
CMCSA,Comcast Corporation,Communication Services,62.7,BUY,〰️ Narrow Moat · 📈 Analyst Conviction · 💰 Income,64.2,Narrow,25.4,-7.3,10.0,46.0,📈 Emerging,-2.9,-3.6,-1.1,-0.3,,1.8,0.52,9.0,,,-7.6,,21.455,28.73,33.91,$76.1B,5.99,0.61,0.85,142.98,4.68,11.0,-1.2,0.83,69.39,17.23,8.97,16.68,-68.3,,0.82,-34.71,1.0,0.67,2.54,91.55,100.0,612.0,42.58,4.31,0.8,26.71,-19.67,28.73,23.0,33.91
LHX,"L3Harris Technologies, Inc.",Industrials,62.7,BUY,🔥 HG High · 〰️ Narrow Moat · 📈 Analyst Conviction · 💰 Income · ⚠️ Below 200 DMA,63.2,Narrow,0.8,5.9,19.4,54.9,🔥 High,2.3,-3.2,6.9,3.9,,0.3,-3.95,15.4,0.288,2.5,29.8,,237.15,335.33,41.4,$44.2B,17.5,1.93,2.22,1.18,13.39,9.0,8.4,1.5,25.48,12.57,8.17,3.64,31.0,,1.34,-37.47,0.53,0.51,2.75,89.31,100.0,211.0,49.4,4.38,1.18,310.6,-23.65,335.33,15.0,41.4
IDN,"Intellicheck, Inc.",Technology,62.7,BUY,🔥 HG High · 🏰 Wide Moat · 🚀 Accel Growth · ⚠️ Below 200 DMA,78.2,Wide,22.0,12.9,20.9,56.2,🔥 High,3.6,1.2,-3.6,11.2,,0.6,-2.37,22.0,0.089,23.4,-28.1,,2.2699,4.83,112.78,$46M,30.27,1.91,2.04,1.31,9.47,16.0,16.0,-8.15,91.05,9.64,13.03,3.14,,,0.44,-75.0,,0.78,6.39,53.5,100.0,,,7.32,4.98,4.95,-54.14,4.83,3.0,112.78
CHRW,"C.H. Robinson Worldwide, Inc.",Industrials,62.6,BUY,🔥 HG High · 🏰 Wide Moat · 🚀 Accel Growth · 📈 Analyst Conviction · 💰 Income,65.3,Wide,-14.0,17.7,26.5,58.4,🔥 High,5.6,10.1,1.3,-0.3,,-0.7,1.49,22.1,0.062,,,,144.045,196.96,36.74,$16.8B,19.16,0.99,10.36,1.92,21.71,37.0,19.3,-5.41,8.45,5.34,3.73,2.86,22.5,,16.5,-31.51,1.21,0.95,4.97,105.12,100.0,160.0,47.9,9.96,1.58,172.3,-16.4,196.96,25.0,36.74
ALV,"Autoliv, Inc.",Consumer Cyclical,62.6,BUY,〰️ Narrow Moat · ⭐ Compounder · 💎 Deep Value · 💰 Income,58.0,Narrow,-6.5,13.6,8.8,48.2,📈 Emerging,-1.6,-3.2,-0.8,2.1,,-1.1,-0.11,10.0,0.274,3.8,,,111.43,134.31,20.53,$8.2B,9.55,0.74,3.28,0.85,6.42,26.0,3.3,1.74,19.3,9.6,5.8,9.09,-40.1,,12.37,-15.69,0.88,1.4,7.22,84.65,100.0,311.0,40.8,8.29,1.03,119.01,-6.37,134.31,16.0,20.53
SNPS,"Synopsys, Inc.",Technology,62.6,BUY,🔥 HG High · 🏰 Wide Moat · 🚀 Accel Growth · 📐 Rule of 40 Elite,82.9,Wide,21.7,14.5,29.0,65.1,🔥 High,11.7,23.2,-5.0,0.3,,-1.2,1.99,78.8,0.253,35.1,-8.8,,502.86,569.78,13.31,$96.4B,27.06,10.23,3.09,2.62,48.72,4.0,42.4,0.94,82.92,14.52,11.43,3.55,125.1,,38.7,-6.79,0.35,1.21,2.99,92.99,100.0,,,1.35,1.34,444.9,13.03,569.78,26.0,13.31
DGICA,"Donegal Group, Inc.",Financial Services,62.5,BUY,〰️ Narrow Moat · 💰 Income,50.6,Narrow,-8.1,-0.3,9.6,43.7,📈 Emerging,-3.7,-7.2,-2.6,0.9,,,-0.16,1.9,,,,,18.34,21.0,14.5,$681M,9.78,0.71,1.02,1.38,7.24,11.0,-2.4,-4.03,9.4,11.57,7.38,6.15,32.3,,13.84,-12.92,0.05,-0.05,4.91,89.57,100.0,421.0,38.54,2.28,0.51,18.27,0.38,21.0,2.0,14.5
DCI,"Donaldson Company, Inc.",Industrials,62.5,BUY,🔥 HG High · 🏰 Wide Moat · 💰 Income,73.0,Wide,10.9,16.1,18.6,52.8,🔥 High,1.5,2.8,-2.6,3.9,,-0.8,1.14,16.3,0.367,2.4,,,88.39,100.4,13.59,$10.2B,18.2,2.64,5.81,1.63,15.99,28.0,8.0,-8.61,35.09,17.04,11.68,3.14,13.1,,11.29,-21.67,0.78,0.87,3.07,92.72,100.0,140.0,31.69,10.91,2.08,91.2,-3.08,100.4,5.0,13.59
GHC,Graham Holdings Company,Industrials,62.5,BUY,🔥 HG High · 〰️ Narrow Moat · 💰 Income,63.1,Narrow,4.6,10.9,10.4,50.7,🔥 High,0.8,11.2,-14.4,3.9,,-0.1,1.92,12.4,0.143,,-29.0,,1142.76,990.0,-13.37,$4.8B,17.06,0.95,1.02,4.04,7.79,12.0,7.1,-3.35,29.95,19.74,10.69,5.53,664.9,,22.91,-9.47,0.3,0.7,13.29,86.65,100.0,65.0,5.95,4.39,1.86,1129.33,1.19,990.0,1.0,-13.37
WOOF,Petco Health and Wellness Compa,Consumer Cyclical,62.5,BUY,🔥 HG High · 〰️ Narrow Moat · 💎 Deep Value · ⚠️ High Short,53.9,Narrow,7.0,-11.4,12.0,53.1,🔥 High,-2.9,-3.6,2.8,9.9,,1.0,0.61,2.7,,,,,2.194,3.47,58.16,$628M,8.01,0.11,0.52,0.05,9.49,3.0,0.0,2.21,38.81,3.21,0.51,25.56,176.7,,2.52,-43.45,2.34,1.58,21.17,121.51,100.0,,,1.64,0.9,2.73,-19.63,3.47,11.0,58.16
SMCI,"Super Micro Computer, Inc.",Technology,62.5,BUY,🚀 Rocket · 〰️ Narrow Moat · 📐 Rule of 40 Elite · ⚠️ High Beta,61.0,Narrow,-10.1,21.5,10.4,72.5,🚀 Rocket,19.0,8.4,4.8,12.9,,8.7,0.58,72.1,0.01,2.0,95.9,,43.0562,42.38,-1.57,$28.3B,8.08,0.72,2.76,0.91,12.27,21.0,93.2,104.13,10.82,13.38,5.71,-29.16,503.7,,121.03,-26.75,0.64,2.01,18.82,69.58,100.0,,,7.88,3.87,32.0,34.55,42.38,16.0,-1.57
HOOD,"Robinhood Markets, Inc.",Financial Services,62.4,BUY,🔥 HG High · 🏰 Wide Moat · 🚀 Accel Growth · ⚠️ High Beta,82.4,Wide,28.0,12.5,23.6,56.6,🔥 High,10.9,0.4,-0.8,2.7,,0.5,0.12,,0.631,20.1,,,114.4799,132.79,15.99,$102.9B,33.29,20.87,10.85,1.97,,24.0,32.3,-16.25,91.89,43.88,42.01,,45.3,,80.24,-25.59,2.4,2.35,4.62,79.47,100.0,,,4.53,1.12,94.33,21.36,132.79,28.0,15.99
NTNX,"Nutanix, Inc.",Technology,62.4,BUY,🔥 HG High · 🏰 Wide Moat · 🚀 Accel Growth · 📐 Rule of 40,80.0,Wide,23.2,16.9,19.3,57.0,🔥 High,2.8,8.8,-2.6,5.1,,-1.1,0.63,41.4,0.413,27.7,9.2,,73.05,76.76,5.08,$19.8B,27.47,6.93,28.13,1.48,50.35,37460.0,15.9,4.85,86.93,12.89,52.81,3.68,3184.9,,114.79,-6.23,2.17,0.64,5.68,96.97,100.0,,,4.51,1.8,50.51,44.62,76.76,14.0,5.08
MSI,"Motorola Solutions, Inc.",Technology,62.4,BUY,🔥 HG High · 🏰 Wide Moat · ⚠️ High Leverage,69.6,Wide,5.9,14.4,18.6,56.4,🔥 High,3.2,4.0,1.6,3.9,,2.2,1.07,29.5,0.51,8.3,12.4,,450.1891,526.91,17.04,$74.5B,23.17,6.09,27.88,1.97,22.08,92.0,13.3,-9.8,52.11,27.35,17.44,2.66,8.6,,25.28,-9.03,3.58,0.89,2.23,91.6,100.0,108.0,37.17,11.25,1.1,430.98,4.46,526.91,11.0,17.04
TGT,Target Corporation,Consumer Defensive,62.3,BUY,🔥 HG High · 〰️ Narrow Moat · 💰 Income,59.9,Narrow,-0.2,7.6,12.2,50.0,🔥 High,5.5,0.4,-2.6,-3.3,,5.5,0.73,8.5,0.148,,,,152.755,164.68,7.81,$69.4B,16.0,0.64,3.89,2.13,9.85,26.0,5.3,0.68,28.38,6.04,4.08,4.95,100.7,,83.07,-10.54,1.08,0.98,3.7,89.03,100.0,297.0,47.35,5.69,0.99,128.81,18.59,164.68,34.0,7.81
QLYS,"Qualys, Inc.",Technology,62.3,BUY,🔥 HG High · 🏰 Wide Moat · 📐 Rule of 40,80.3,Wide,27.5,22.2,10.4,53.1,🔥 High,-0.5,9.6,-5.6,2.7,,0.3,1.2,45.8,0.815,17.5,-12.6,,195.53,179.36,-8.27,$6.8B,23.14,9.62,12.05,3.31,24.76,39.0,11.0,3.39,83.42,33.98,29.38,3.61,10.8,,162.42,-2.98,0.1,0.6,13.81,110.25,100.0,,,14.6,1.38,127.75,53.06,179.36,18.0,-8.27
FLXS,"Flexsteel Industries, Inc.",Consumer Cyclical,62.3,BUY,〰️ Narrow Moat · ⭐ Compounder · 💰 Income,53.0,Narrow,-3.2,11.7,-2.6,49.9,📈 Emerging,0.3,-3.6,-3.2,6.3,,6.8,0.26,8.3,1.24,,,,88.01,79.5,-9.67,$360M,14.55,0.78,2.71,1.4,8.6,22.0,0.7,4.24,24.7,14.17,7.22,9.65,18.8,,158.85,-2.91,0.39,0.53,7.44,69.19,100.0,113.0,14.0,9.91,2.09,59.59,47.69,79.5,2.0,-9.67
BRZE,"Braze, Inc.",Technology,62.2,BUY,🔥 HG High · 🏰 Wide Moat · 🚀 Accel Growth · 💎 Deep Value · 📈 Analyst Conviction · 📐 Rule of 40,73.7,Wide,8.3,8.2,30.4,66.5,🔥 High,8.8,19.6,3.7,0.9,,0.3,2.1,49.7,0.118,22.6,13.8,,26.18,37.3,42.48,$3.0B,26.66,3.56,4.93,0.86,-29.88,-19.0,26.2,10.56,66.3,-7.98,-13.55,6.6,,,71.56,-29.86,0.16,0.91,8.04,95.0,100.0,,,-5.77,1.27,24.28,7.83,37.3,20.0,42.48
UNH,UnitedHealth Group Incorporated,Healthcare,62.2,BUY,〰️ Narrow Moat · 📈 Analyst Conviction · 💰 Income,51.7,Narrow,-6.5,-1.7,11.6,44.4,📈 Emerging,-2.9,-4.8,-3.2,-0.3,,2.0,0.13,5.8,2.126,,-12.5,,372.6,481.72,29.29,$334.4B,16.48,0.74,3.43,1.01,14.36,14.0,0.4,-1.27,19.72,7.13,3.14,7.26,61.0,,45.56,-19.28,0.69,0.61,1.64,89.64,100.0,250.0,57.56,4.87,0.78,356.35,4.56,481.72,25.0,29.29
TDY,Teledyne Technologies Incorpora,Technology,62.1,BUY,🔥 HG High · 🏰 Wide Moat,66.3,Wide,1.5,13.4,17.4,53.5,🔥 High,-0.5,4.4,-0.8,3.9,,1.5,0.86,24.1,0.485,5.2,,,617.71,758.08,22.72,$28.6B,23.07,4.49,2.62,1.4,19.03,9.0,9.8,1.34,43.34,20.2,15.29,3.19,19.9,,27.88,-11.46,0.19,0.9,2.26,100.69,100.0,,,5.14,2.18,623.49,-0.93,758.08,12.0,22.72
ADP,"Automatic Data Processing, Inc.",Technology,62.1,BUY,〰️ Narrow Moat · ⭐ Compounder · 💰 Income,64.6,Narrow,6.5,15.8,6.6,49.6,📈 Emerging,-1.3,-0.8,-2.6,3.9,,-0.3,0.33,30.7,0.695,,1.5,,257.7765,287.6,11.57,$102.1B,19.24,4.65,17.0,2.45,16.17,72.0,6.8,14.76,48.65,23.46,20.11,5.13,7.5,,37.0,-12.17,0.91,0.84,2.96,91.71,100.0,264.0,60.69,6.25,1.05,237.98,8.32,287.6,15.0,11.57
WMG,Warner Music Group Corp.,Communication Services,62.0,BUY,🔥 HG High · 🏰 Wide Moat · 📈 Analyst Conviction · ⚠️ High Leverage,69.7,Wide,6.0,10.4,22.6,55.1,🔥 High,0.8,0.4,6.9,2.1,,0.0,0.51,15.6,0.244,,34.1,,26.975,37.81,40.17,$14.1B,13.7,1.93,16.52,0.48,11.1,70.0,10.4,-7.28,45.77,16.74,9.2,2.71,,,15.57,-23.84,4.53,1.4,8.39,111.21,100.0,298.0,60.8,7.65,0.73,28.59,-5.65,37.81,16.0,40.17
VEEV,Veeva Systems Inc.,Healthcare,62.0,BUY,🔥 HG High · 🏰 Wide Moat · 📐 Rule of 40,77.7,Wide,17.1,18.5,19.3,53.4,🔥 High,5.6,9.6,-5.0,-3.3,,-0.0,1.03,54.0,0.611,24.0,-12.0,,277.055,297.3,7.31,$44.9B,27.03,12.97,6.18,1.05,34.56,14.0,17.6,8.84,74.96,29.64,29.34,2.8,36.5,,87.14,-10.77,0.02,0.93,3.35,93.39,100.0,,,7.58,5.46,201.23,37.68,297.3,27.0,7.31
RVLV,"Revolve Group, Inc.",Consumer Cyclical,61.9,HOLD,🔥 HG High · 🏰 Wide Moat,73.5,Wide,15.0,17.0,14.6,58.7,🔥 High,3.9,4.0,1.3,8.1,,2.9,1.0,14.0,0.074,,,0.0,20.86,30.85,47.89,$1.5B,18.3,1.13,2.76,1.08,13.71,14.0,12.4,15.98,54.32,6.4,5.54,1.38,82.6,,20.23,-34.15,0.06,1.7,12.24,113.03,100.0,,,6.55,2.48,24.11,-13.48,30.85,13.0,47.89
CNI,Canadian National Railway Compa,Industrials,61.9,HOLD,🔥 HG High · 🏰 Wide Moat · 💰 Income,73.0,Wide,25.0,7.9,12.6,51.8,🔥 High,1.5,0.8,-2.6,3.9,,-0.9,0.73,28.3,0.472,,,,118.12,135.51,14.72,$71.4B,18.69,4.02,4.59,2.44,10.37,22.0,11.3,5.14,55.96,40.27,26.92,4.24,6.6,,30.17,-10.21,1.04,0.99,,73.84,100.0,216.0,46.28,7.72,0.87,113.23,4.32,135.51,13.0,14.72
CIEN,Ciena Corporation,Technology,61.8,HOLD,🔥 HG High · 🏰 Wide Moat · 🚀 Accel Growth · 📈 Analyst Conviction · 📐 Rule of 40,72.5,Wide,-3.4,19.5,28.4,65.4,🔥 High,14.1,16.9,-1.1,0.9,,2.5,1.59,47.5,0.252,17.8,-0.6,,385.815,512.99,32.96,$54.7B,32.62,9.09,17.91,0.4,54.75,22.0,37.0,16.18,44.07,18.08,10.87,1.16,429.6,,161.82,-39.48,1.07,1.29,3.99,95.95,100.0,,,7.73,3.8,391.32,-1.41,512.99,20.0,32.96
ONON,On Holding AG,Consumer Cyclical,61.8,HOLD,🔥 HG High · 🏰 Wide Moat · 📈 Analyst Conviction · ⚠️ High Beta,79.0,Wide,20.4,20.4,16.6,57.5,🔥 High,4.4,10.1,1.3,-0.9,,1.5,1.36,22.5,0.222,,,,31.425,43.4,38.11,$10.5B,15.34,3.26,4.58,0.49,19.64,24.0,13.5,4.72,64.82,14.02,12.3,2.75,,,19.19,-38.48,0.29,2.08,9.16,72.09,100.0,,,9.58,2.83,38.01,-17.32,43.4,30.0,38.11
AMPH,"Amphastar Pharmaceuticals, Inc.",Healthcare,61.7,HOLD,🔥 HG High · 〰️ Narrow Moat · ⚠️ High Short,62.7,Narrow,8.7,8.4,8.0,53.2,🔥 High,3.2,-1.6,-8.0,12.9,,3.6,-0.19,36.9,0.375,11.9,,,25.26,22.5,-10.93,$1.1B,7.94,1.47,1.4,,7.61,10.0,5.4,-10.77,47.68,21.6,10.76,21.41,-2.2,,51.71,-14.43,0.9,0.9,25.59,68.68,100.0,,,5.11,2.4,22.35,13.02,22.5,6.0,-10.93
ELMD,"Electromed, Inc.",Healthcare,61.7,HOLD,🔥 HG High · 🏰 Wide Moat,75.6,Wide,17.3,22.9,10.6,58.8,🔥 High,2.3,7.3,2.8,5.1,,0.3,1.33,19.5,0.251,1.8,,,28.09,48.5,72.66,$233M,46.05,3.16,4.35,0.35,14.51,23.0,11.6,10.0,78.54,19.7,15.32,2.5,54.3,,22.08,-40.74,0.0,0.4,2.65,61.1,100.0,,,14.45,4.69,31.4,-10.54,48.5,2.0,72.66
BSY,"Bentley Systems, Incorporated",Technology,61.7,HOLD,🔥 HG High · 🏰 Wide Moat · 📈 Analyst Conviction · 💰 Income,69.9,Wide,24.5,7.9,7.0,58.9,🔥 High,1.6,10.1,-3.2,9.3,,0.4,1.69,37.6,0.542,20.5,-5.0,,34.915,43.93,25.82,$10.5B,22.11,6.58,9.0,1.24,23.77,25.0,12.8,12.95,81.85,25.0,18.1,3.77,11.5,,24.35,-39.01,1.05,1.0,8.69,55.24,100.0,87.0,30.77,7.2,0.59,34.56,1.03,43.93,15.0,25.82
AMD,"Advanced Micro Devices, Inc.",Technology,61.6,HOLD,🔥 HG High · 🏰 Wide Moat · 🚀 Accel Growth · 📐 Rule of 40 Elite · ⚠️ High Beta,76.0,Wide,4.1,22.1,25.2,65.2,🔥 High,17.4,13.6,-3.2,2.7,,4.1,1.02,71.5,0.496,23.4,,,629.75,622.01,-1.23,$1.0T,40.29,24.89,15.29,0.64,107.3,10.0,50.1,10.89,55.72,17.25,15.58,0.86,163.4,,234.58,-2.43,0.06,2.45,2.46,75.36,100.0,,,5.13,2.61,374.72,68.06,622.01,50.0,-1.23
DG,Dollar General Corporation,Consumer Defensive,61.5,HOLD,🔥 HG High · 〰️ Narrow Moat,63.1,Narrow,5.5,8.3,12.2,53.3,🔥 High,2.3,8.5,-0.8,-3.3,,1.8,1.66,9.2,0.178,,,,119.81,140.93,17.63,$26.4B,14.45,0.61,2.85,1.49,11.29,20.0,5.2,1.29,31.16,6.81,3.9,6.58,33.8,,25.97,-24.28,1.7,0.23,3.09,100.81,100.0,198.0,30.65,4.89,1.21,126.85,-5.55,140.93,29.0,17.63
AAPL,Apple Inc.,Technology,61.3,HOLD,🔥 HG High · 🏰 Wide Moat · 💰 Income,67.7,Wide,6.9,15.4,12.7,53.1,🔥 High,5.2,4.0,-3.2,0.3,,2.3,1.16,39.5,0.639,8.3,1.3,,334.9087,328.09,-2.04,$4.9T,34.95,10.47,45.5,2.67,29.12,149.0,16.4,8.51,48.65,32.62,27.62,2.2,27.1,,37.58,-3.02,0.78,1.07,0.88,66.32,100.0,32.0,12.04,27.08,1.0,289.16,15.82,328.09,39.0,-2.04
TCMD,"Tactile Systems Technology, Inc",Healthcare,61.3,HOLD,🔥 HG High · 🏰 Wide Moat,76.1,Wide,14.2,14.9,22.6,59.7,🔥 High,1.5,11.2,2.8,3.9,,-0.0,2.46,12.7,0.148,2.6,,,22.05,39.0,76.87,$499M,15.15,1.43,2.24,17.79,10.66,12.0,8.6,-12.23,76.78,7.96,7.1,2.9,142.0,,57.5,-41.62,0.06,0.82,12.63,105.0,100.0,,,7.92,4.12,26.53,-16.89,39.0,3.0,76.87
PFE,"Pfizer, Inc.",Healthcare,61.2,HOLD,🏰 Wide Moat · 💰 Income,66.2,Wide,20.5,1.2,10.4,47.4,📈 Emerging,-1.6,4.4,-9.0,0.9,,-0.9,0.84,22.2,1.271,16.7,-30.2,,27.355,28.91,5.68,$155.9B,9.44,2.45,1.83,12.72,8.29,5.0,2.6,-13.23,74.72,27.88,6.8,8.01,,,15.81,-6.35,0.74,0.28,2.72,69.1,100.0,619.0,226.32,5.78,1.27,26.4,3.62,28.91,26.0,5.68
GM,General Motors Company,Consumer Cyclical,61.2,HOLD,〰️ Narrow Moat · 💎 Deep Value · 📈 Analyst Conviction,53.0,Narrow,-5.0,-3.8,14.8,47.5,📈 Emerging,-2.9,-4.4,1.3,0.9,,1.5,-1.25,13.7,0.495,,,,79.56,104.22,31.0,$69.8B,5.29,0.38,1.13,0.27,10.59,3.0,1.9,-10.22,10.18,3.2,1.05,31.42,-31.1,,46.44,-13.38,2.02,1.4,2.37,90.19,100.0,92.0,29.6,2.25,1.14,80.68,-1.39,104.22,23.0,31.0
DDOG,"Datadog, Inc.",Technology,61.2,HOLD,🔥 HG High · 🏰 Wide Moat · 🚀 Accel Growth · 📐 Rule of 40 Elite,80.2,Wide,16.0,18.5,25.4,59.3,🔥 High,11.7,13.2,-9.0,2.7,,-1.3,0.99,62.1,0.679,45.2,-26.0,,279.015,287.08,2.89,$100.2B,93.8,25.26,22.93,1.43,1156.08,5.0,35.6,13.64,79.54,0.67,4.48,1.05,1583.3,,184.68,-4.68,0.29,1.51,3.53,92.85,100.0,,,0.18,3.21,184.83,50.96,287.08,47.0,2.89
TYL,"Tyler Technologies, Inc.",Technology,61.2,HOLD,🔥 HG High · 🏰 Wide Moat · 📈 Analyst Conviction,65.7,Wide,2.8,10.9,17.4,51.6,🔥 High,-0.5,4.0,-1.1,0.9,,0.9,1.22,32.7,0.688,8.8,-7.2,,325.63,424.77,30.45,$13.3B,21.21,5.49,4.39,1.35,29.89,10.0,8.2,2.96,47.21,14.74,13.36,4.46,10.5,,20.29,-37.91,0.48,0.85,9.57,108.19,100.0,,,4.18,1.55,345.48,-5.75,424.77,22.0,30.45
MELI,"MercadoLibre, Inc.",Consumer Cyclical,61.1,HOLD,🔥 HG High · 🏰 Wide Moat · 🚀 Accel Growth · 📐 Rule of 40,79.2,Wide,10.8,18.8,28.2,60.5,🔥 High,11.8,9.6,-0.8,0.3,,-3.0,0.78,50.8,0.053,7.9,,,1837.96,2269.94,23.5,$93.2B,32.45,2.65,11.89,0.93,24.02,28.0,49.8,19.38,47.75,6.72,5.3,0.38,-10.9,,22.94,-24.3,1.69,1.31,1.63,80.21,100.0,,,4.31,1.12,1837.61,0.02,2269.94,26.0,23.5
CTVA,"Corteva, Inc.",Basic Materials,60.7,HOLD,🚀 Rocket · 〰️ Narrow Moat · 🚀 Accel Growth · ⚠️ Below 200 DMA,59.1,Narrow,-18.0,3.0,33.0,70.5,🚀 Rocket,19.0,10.2,10.8,0.9,,6.4,2.93,,,8.5,474.1,0.7,12.375,19.5,57.58,$8.3B,3.0,,0.33,0.16,,,87.36,-39.44,0.0,0.0,0.0,,,,5.41,-86.4,,,3.53,92.08,100.0,604.0,44.44,,,78.15,-84.17,19.5,2.0,57.58
SE,Sea Limited,Consumer Cyclical,60.5,HOLD,🔥 HG High · 🏰 Wide Moat · 🚀 Accel Growth · 📈 Analyst Conviction · 📐 Rule of 40,74.6,Wide,5.6,15.6,27.4,68.5,🔥 High,14.6,9.6,10.8,2.1,,1.3,1.01,48.3,0.042,5.0,53.1,,98.0,155.11,58.28,$60.0B,18.91,2.17,4.83,0.92,20.77,15.0,48.1,18.57,44.34,8.35,5.91,0.11,10.6,,27.19,-49.35,0.32,1.55,3.34,69.67,100.0,,,4.97,1.49,102.89,-4.75,155.11,28.0,58.28
CLMB,"Climb Global Solutions, Inc.",Technology,60.5,HOLD,🔥 HG High · 〰️ Narrow Moat,57.9,Narrow,-6.5,15.3,6.8,51.8,🔥 High,-0.5,4.0,-3.2,3.3,,1.7,1.07,14.8,0.082,,,,32.6,32.33,-0.83,$608M,18.66,0.85,4.8,1.87,14.91,18.0,9.4,13.04,15.77,4.25,2.89,6.37,-7.5,,113.77,-10.08,0.02,1.07,8.69,83.36,100.0,,7.64,4.06,1.12,25.17,29.52,32.33,3.0,-0.83
GE,GE Aerospace,Industrials,60.4,HOLD,🔥 HG High · 🏰 Wide Moat · 🚀 Accel Growth · 📈 Analyst Conviction · 💰 Income,74.0,Wide,8.7,17.0,21.7,57.3,🔥 High,5.6,8.9,-0.8,0.9,,-0.1,1.52,34.1,0.31,3.4,0.5,,307.22,396.81,29.16,$318.8B,33.86,6.29,18.07,3.94,28.89,48.0,21.1,1.73,31.05,20.57,17.72,2.07,16.9,,14.25,-20.99,1.13,1.37,1.52,80.96,100.0,61.0,19.58,5.07,0.98,323.85,-5.14,396.81,21.0,29.16
RMD,ResMed Inc.,Healthcare,60.4,HOLD,🏰 Wide Moat · 💰 Income,72.8,Wide,16.4,19.3,9.4,49.4,📈 Emerging,-0.5,-0.8,-2.6,2.7,,-2.7,0.3,25.2,0.636,6.7,7.0,,219.81,250.22,13.83,$30.9B,16.61,5.47,4.81,1.27,14.76,24.0,8.6,7.17,61.62,30.86,26.95,3.04,1.0,,21.93,-22.84,0.13,0.75,11.35,71.17,100.0,121.0,23.01,14.0,3.1,225.71,-2.61,250.22,17.0,13.83
UPST,"Upstart Holdings, Inc.",Financial Services,60.4,HOLD,🔥 HG High · 🏰 Wide Moat · 🚀 Accel Growth · 📈 Analyst Conviction · ⚠️ High Short · ⚠️ High Beta · ⚠️ High Leverage · ⚠️ Below 200 DMA,78.2,Wide,17.5,11.0,27.4,62.5,🔥 High,13.8,-1.6,2.8,9.9,,,,32.0,0.07,,,3.4,24.075,40.0,66.15,$2.3B,6.93,1.82,2.94,0.04,33.2,8.0,42.3,11.23,83.04,7.2,4.69,-5.65,195.0,,6.74,-56.4,2.58,2.43,32.5,63.18,100.0,,,1.98,10.46,32.25,-25.35,40.0,16.0,66.15
OII,"Oceaneering International, Inc.",Energy,60.4,HOLD,🔥 HG High · 🏰 Wide Moat · ⭐ Compounder,65.0,Wide,-4.0,16.1,17.6,52.5,🔥 High,-4.0,4.0,-2.6,7.5,,0.4,1.17,18.3,0.16,,8.8,,44.1,46.0,4.31,$4.4B,19.01,1.53,3.77,8.01,11.36,35.0,10.0,-6.79,19.82,11.49,12.19,5.42,19.4,,100.27,-18.71,0.7,1.25,10.54,108.2,100.0,,,7.42,2.18,38.55,14.4,46.0,4.0,4.31
PLXS,Plexus Corp.,Technology,60.2,HOLD,🔥 HG High · 🏰 Wide Moat · 🚀 Accel Growth,66.2,Wide,-10.0,15.6,26.4,57.5,🔥 High,8.0,5.6,-2.6,3.9,,0.0,0.98,28.6,0.056,,3.9,,273.93,304.6,11.2,$7.3B,27.07,1.59,4.78,2.09,23.75,13.0,28.1,9.96,10.04,4.67,4.03,0.29,-4.7,,107.48,-10.79,0.2,0.89,4.75,103.48,100.0,,,4.26,1.49,231.74,18.21,304.6,5.0,11.2
AMZN,"Amazon.com, Inc.",Consumer Cyclical,60.1,HOLD,🔥 HG High · 🏰 Wide Moat · 📈 Analyst Conviction,71.1,Wide,15.2,19.7,6.9,52.4,🔥 High,6.4,-3.2,-1.1,2.7,,1.4,-0.24,20.0,0.187,,-1.1,,251.627,330.59,31.38,$2.7T,24.02,3.5,4.92,1.49,16.82,31.0,19.6,27.24,50.77,13.69,17.44,0.12,244.9,,28.38,-12.39,0.46,1.46,0.83,68.7,100.0,,,6.59,1.03,241.36,4.25,330.59,57.0,31.38
COR,"Cencora, Inc.",Healthcare,60.1,HOLD,🔥 HG High · 〰️ Narrow Moat · 💎 Deep Value · ⚠️ High Leverage,55.2,Narrow,-12.0,6.8,15.4,54.4,🔥 High,1.6,4.0,-0.8,3.9,,0.4,0.85,5.7,0.042,,,,309.87,369.25,19.16,$59.1B,15.63,0.18,19.38,0.65,12.77,97.0,5.1,-6.42,3.96,1.41,0.79,3.46,11.1,,26.57,-17.92,4.47,0.58,2.57,99.63,100.0,78.0,17.45,3.56,0.94,318.19,-2.61,369.25,12.0,19.16
CAH,"Cardinal Health, Inc.",Healthcare,60.1,HOLD,🔥 HG High · 〰️ Narrow Moat,50.4,Narrow,-10.5,-4.2,15.4,54.4,🔥 High,1.6,4.0,-0.8,3.9,,0.3,0.96,7.7,0.04,,,,230.12,270.33,17.47,$53.3B,16.37,0.21,-18.6,1.15,13.76,,5.8,-4.79,3.84,1.33,0.67,8.92,66.5,,51.52,-10.91,,0.5,3.33,91.48,100.0,90.0,28.33,3.72,0.88,218.03,5.55,270.33,15.0,17.47
SAFT,"Safety Insurance Group, Inc.",Financial Services,59.9,HOLD,〰️ Narrow Moat · 💎 Deep Value · 💰 Income,53.7,Narrow,-6.6,2.2,11.8,43.9,📈 Emerging,-3.7,-4.4,-3.2,-0.9,,,-0.58,15.5,0.393,,,,103.8,,,$1.5B,16.61,1.18,1.74,0.95,15.88,8.0,3.0,-3.74,7.65,13.68,5.33,10.53,19.3,,54.83,-0.2,0.07,0.17,5.03,85.19,100.0,354.0,78.97,2.31,0.39,82.02,26.55,,,
HCSG,"Healthcare Services Group, Inc.",Healthcare,59.9,HOLD,🔥 HG High · 〰️ Narrow Moat · ⭐ Compounder,59.7,Narrow,-8.0,15.7,11.6,64.1,🔥 High,0.8,13.0,9.3,5.1,,2.6,3.08,6.5,0.255,,54.5,,20.5775,27.0,31.21,$1.4B,16.72,0.76,2.7,1.36,9.48,25.0,2.7,-0.34,17.11,4.72,6.59,4.98,,,36.0,-20.09,0.03,0.81,5.39,112.79,100.0,,,9.84,3.02,21.09,-2.43,27.0,6.0,31.21
UCB,"United Community Banks, Inc.",Financial Services,59.8,HOLD,🔥 HG High · 〰️ Narrow Moat · 🚀 Accel Growth,60.4,Narrow,-6.0,4.1,22.5,53.3,🔥 High,5.6,-3.2,-0.8,5.1,,,,,0.176,,,,33.835,40.17,18.72,$4.1B,10.1,3.66,1.08,1.67,,10.0,24.4,-0.19,0.0,50.9,34.09,,46.9,,18.1,-9.0,,0.9,5.75,88.9,100.0,305.0,32.68,1.32,,33.81,0.07,40.17,6.0,18.72
CMRE,Costamare Inc.,Industrials,59.8,HOLD,🔥 HG High · 🏰 Wide Moat · 💰 Income,67.0,Wide,23.5,5.6,4.6,51.6,🔥 High,-5.7,1.0,-3.2,11.2,,-2.2,2.99,-31.1,,,-14.5,,15.53,20.0,28.78,$1.9B,5.59,2.19,0.85,2.4,5.51,16.0,-4.0,-6.27,69.83,47.04,39.52,-12.36,-6.8,,43.27,-14.01,0.66,0.97,5.57,34.39,100.0,324.0,17.42,6.69,1.61,15.97,-2.76,20.0,2.0,28.78
ADM,Archer-Daniels-Midland Company,Consumer Defensive,59.8,HOLD,🔥 HG High · 〰️ Narrow Moat · 💎 Deep Value · 💰 Income,54.9,Narrow,-12.0,7.3,14.4,55.6,🔥 High,6.0,4.0,-2.6,3.9,,2.2,1.15,8.6,0.08,,0.5,,80.15,80.4,0.31,$38.6B,14.14,0.47,1.64,0.99,15.8,8.0,7.2,0.58,6.87,4.01,2.16,3.01,314.6,,44.21,-9.69,0.39,0.63,3.97,88.93,100.0,259.0,56.44,2.26,1.39,74.41,7.71,80.4,10.0,0.31
OTIS,Otis Worldwide Corporation,Industrials,59.8,HOLD,🔥 HG High · 〰️ Narrow Moat,61.2,Narrow,6.9,-4.2,19.4,53.2,🔥 High,0.8,-2.0,3.7,3.9,,-1.0,0.32,16.9,0.3,1.1,15.8,,63.96,86.54,35.3,$24.3B,14.11,1.63,-4.24,1.45,12.39,,7.3,-3.36,30.31,15.13,10.17,5.9,8.9,,0.61,-32.36,,0.86,4.82,96.1,100.0,275.0,43.7,14.25,0.83,78.08,-18.08,86.54,13.0,35.3
BABA,Alibaba Group Holding Limited,Consumer Cyclical,59.6,HOLD,🔥 HG High · 〰️ Narrow Moat · 📈 Analyst Conviction · 💰 Income,59.5,Narrow,-0.8,7.3,12.4,55.3,🔥 High,1.5,4.0,2.8,2.3,,-1.5,0.96,0.7,0.021,6.5,5.1,,108.815,185.65,70.61,$270.7B,11.79,0.26,1.62,0.49,1.94,6.0,8.6,-1.78,38.2,7.3,7.04,-30.53,-73.9,,18.29,-42.61,0.24,0.46,1.68,10.13,,99.0,25.44,1.56,1.36,130.93,-16.89,185.65,39.0,70.61
WCC,"WESCO International, Inc.",Industrials,59.6,HOLD,🔥 HG High · 〰️ Narrow Moat · 💰 Income,59.3,Narrow,-7.0,10.0,15.4,57.9,🔥 High,4.4,4.0,-2.6,9.9,,0.7,1.05,13.7,0.075,,,,375.2,399.18,6.39,$18.3B,18.72,0.73,3.63,1.63,15.43,14.0,13.0,-1.92,21.4,6.08,2.84,0.97,19.8,,80.92,-2.64,1.29,1.55,3.35,99.09,,52.0,13.19,5.18,2.09,318.6,17.77,399.18,11.0,6.39
OFG,OFG Bancorp,Financial Services,59.6,HOLD,〰️ Narrow Moat,57.2,Narrow,-6.0,4.9,15.4,48.5,📈 Emerging,0.8,-3.2,-2.6,2.1,,,,,0.295,,,,51.17,56.5,10.42,$2.2B,9.99,3.32,1.54,0.92,,16.0,10.4,2.09,0.0,43.32,33.85,,13.5,,43.29,-6.06,,0.74,7.13,99.77,100.0,263.0,25.64,1.81,,45.82,11.68,56.5,4.0,10.42
DBI,Designer Brands Inc.,Consumer Cyclical,59.5,HOLD,〰️ Narrow Moat · ⚠️ High Short · ⚠️ High Leverage,58.2,Narrow,10.7,-7.4,12.8,47.5,📈 Emerging,0.3,-7.2,-5.0,6.9,,5.9,-0.34,1.7,,,-11.5,,5.951,6.75,13.43,$304M,8.5,0.11,1.01,2.34,11.93,8.0,-1.2,-7.45,44.54,2.25,0.61,27.97,66.7,,91.35,-35.1,3.93,1.25,36.1,91.06,100.0,330.0,68.97,2.02,1.22,6.6,-9.83,6.75,2.0,13.43
GILT,Gilat Satellite Networks Ltd.,Technology,59.5,HOLD,🔥 HG High · 〰️ Narrow Moat · 🚀 Accel Growth · ⚠️ Below 200 DMA,64.5,Narrow,-8.0,15.9,20.9,61.8,🔥 High,2.8,6.8,2.8,11.2,,-0.1,0.94,20.9,0.076,10.3,6.0,0.0,9.73,19.2,97.33,$749M,12.69,1.54,1.38,4.99,11.1,7.0,16.9,-6.13,30.33,9.53,6.21,2.62,-17.1,,3.84,-53.51,0.02,1.04,3.74,50.17,100.0,,,2.99,1.97,14.4,-32.43,19.2,2.0,97.33
NGVC,Natural Grocers by Vitamin Cott,Consumer Defensive,59.5,HOLD,🔥 HG High · 〰️ Narrow Moat · 💰 Income,57.7,Narrow,3.9,4.7,6.6,53.6,🔥 High,-1.6,-0.8,-5.1,14.8,,-0.5,0.38,3.0,0.418,,-20.6,,30.355,42.25,39.19,$700M,13.07,0.52,2.92,1.44,10.56,22.0,1.8,0.37,33.47,3.89,3.55,2.22,-4.6,,29.34,-26.09,1.35,1.22,9.48,40.97,100.0,196.0,27.8,5.69,1.1,28.08,8.1,42.25,4.0,39.19
IBM,International Business Machines,Technology,59.4,HOLD,🔥 HG High · 〰️ Narrow Moat,57.6,Narrow,7.0,4.0,4.0,52.5,🔥 High,-3.7,7.4,-2.6,3.9,,-0.5,3.66,18.5,3.513,12.3,0.0,,221.545,240.59,8.6,$208.7B,16.85,3.02,6.06,2.11,16.21,34.0,1.1,-2.54,58.1,16.55,15.52,5.77,-1.3,,11.22,-33.36,1.89,0.72,2.65,66.57,100.0,304.0,59.82,5.3,0.79,255.5,-13.29,240.59,22.0,8.6
SAM,"Boston Beer Company, Inc. (The)",Consumer Defensive,59.3,HOLD,🔥 HG High · 🏰 Wide Moat · 💎 Deep Value · ⚠️ High Short,66.1,Wide,20.0,-6.2,18.0,56.1,🔥 High,-2.9,7.2,-0.8,8.7,,2.0,2.01,16.1,,,,,164.31,198.42,20.76,$1.7B,16.04,0.88,2.32,0.77,7.37,-9.0,-3.3,-19.27,48.88,9.33,-3.64,22.04,-14.7,,3.55,-37.87,0.04,0.82,24.41,109.4,100.0,,,5.43,1.04,200.75,-18.15,198.42,12.0,20.76
OC,Owens Corning Inc,Industrials,59.2,HOLD,🔥 HG High · 〰️ Narrow Moat · 📈 Analyst Conviction,56.8,Narrow,3.0,-9.6,20.0,54.1,🔥 High,-1.3,3.2,1.3,5.1,,2.5,1.86,9.1,5.028,1.4,,,117.71,172.2,46.29,$9.3B,9.88,0.94,2.47,1.51,7.68,-9.0,0.3,-15.61,26.23,17.82,-6.81,9.34,-37.7,,20.69,-26.39,1.5,1.32,3.42,110.98,100.0,267.0,103.89,5.79,1.16,126.15,-6.69,172.2,15.0,46.29
PPC,Pilgrim's Pride Corporation,Consumer Defensive,59.2,HOLD,🔥 HG High · 〰️ Narrow Moat · 💎 Deep Value,46.4,Narrow,-10.5,-1.3,4.6,51.3,🔥 High,-3.6,-3.6,-3.2,13.0,,-4.2,0.42,-0.0,,,-16.5,,27.35,33.29,21.72,$6.5B,9.96,0.35,1.74,0.61,5.24,15.0,-2.8,-4.76,9.74,1.62,2.96,7.81,-96.2,,9.4,-39.01,0.83,0.33,2.68,21.43,100.0,,,8.02,1.35,33.57,-18.53,33.29,7.0,21.72
IOT,Samsara Inc.,Technology,59.2,HOLD,🔥 HG High · 🏰 Wide Moat · 🚀 Accel Growth · 📐 Rule of 40,79.0,Wide,14.7,19.5,23.2,60.7,🔥 High,8.8,11.2,-3.2,4.5,,0.9,0.92,44.0,0.422,21.3,-4.5,,43.52,52.07,19.65,$25.5B,45.91,13.79,15.9,,742.37,6.0,29.9,15.11,76.43,0.96,4.9,1.02,,,86.14,-8.32,0.04,1.35,9.13,107.94,100.0,,,0.49,1.62,33.64,29.37,52.07,24.0,19.65
KHC,The Kraft Heinz Company,Consumer Defensive,59.0,HOLD,〰️ Narrow Moat · 💎 Deep Value · 💰 Income,52.1,Narrow,11.3,-11.2,4.0,47.5,📈 Emerging,-1.6,-7.2,-3.2,6.9,,-1.5,-1.0,11.7,,,-2.3,,22.03,25.47,15.62,$26.1B,10.55,1.05,0.73,0.99,7.78,-9.0,-1.4,-3.05,33.5,15.49,-13.64,12.44,,,4.73,-21.57,0.53,0.11,10.98,66.69,100.0,721.0,73.06,3.63,1.06,23.94,-7.98,25.47,18.0,15.62
PTC,PTC Inc.,Technology,59.0,HOLD,🏰 Wide Moat · ⭐ Compounder,66.2,Wide,25.5,5.3,1.3,48.9,📈 Emerging,-9.2,11.6,-5.6,0.9,,-2.8,1.87,28.1,,16.7,13.8,,194.51,174.21,-10.44,$21.1B,21.78,7.14,6.21,1.35,13.23,35.0,-6.8,-13.37,84.5,28.23,41.43,4.89,-16.0,,79.27,-5.95,0.46,0.99,9.21,107.92,100.0,,,11.54,1.02,145.11,34.04,174.21,19.0,-10.44
CRCT,"Cricut, Inc.",Technology,58.9,HOLD,〰️ Narrow Moat · 💰 Income,51.4,Narrow,1.5,10.3,-9.1,41.1,📈 Emerging,-3.2,-10.4,-10.4,6.3,,19.6,0.55,-25.0,,9.4,-10.6,,6.41,4.07,-36.51,$1.3B,27.12,1.95,3.64,0.46,11.61,26.0,-9.2,-6.43,55.44,18.89,12.71,-8.11,59.5,,71.62,-3.75,0.03,0.17,9.67,56.2,100.0,307.0,48.78,8.57,2.49,4.71,36.09,4.07,3.0,-36.51
ZETA,Zeta Global Holdings Corp.,Technology,58.8,HOLD,🔥 HG High · 🏰 Wide Moat · 🚀 Accel Growth · 📐 Rule of 40,72.3,Wide,3.2,17.0,24.0,61.0,🔥 High,11.7,7.2,-5.6,8.7,,-1.1,0.7,59.6,0.119,9.0,-4.3,,34.5,32.29,-6.41,$8.6B,28.54,5.47,9.32,0.77,69.87,-0.0,43.5,17.54,59.48,3.82,-0.14,2.93,,,140.17,-0.86,0.24,1.39,8.0,87.49,100.0,,,2.6,2.38,21.27,62.2,32.29,14.0,-6.41
LXFR,Luxfer Holdings PLC,Industrials,58.8,HOLD,〰️ Narrow Moat · 💰 Income,51.0,Narrow,1.4,-1.0,1.5,46.0,📈 Emerging,-7.7,0.1,-2.6,2.1,,1.4,1.48,-2.0,,1.1,,,17.265,18.75,8.6,$466M,12.12,1.29,2.07,1.7,11.4,7.0,-10.2,-9.69,27.21,9.72,2.69,6.32,84.6,,53.33,-11.23,0.31,1.11,2.18,93.57,,301.0,130.0,5.73,2.33,15.49,11.46,18.75,2.0,8.6
JBSS,"John B. Sanfilippo & Son, Inc.",Consumer Defensive,58.8,HOLD,🔥 HG High · 〰️ Narrow Moat · 💰 Income,62.2,Narrow,-8.0,15.3,16.8,54.5,🔥 High,-2.9,8.5,1.3,2.1,,-2.8,1.51,6.7,0.184,,,,68.1,100.0,46.84,$796M,14.31,0.68,2.1,1.52,8.01,17.0,4.2,-5.66,17.96,4.11,5.27,3.65,-37.9,,15.29,-26.04,0.29,0.32,8.52,96.95,100.0,139.0,17.11,8.5,2.08,77.69,-12.34,100.0,2.0,46.84
FFIV,"F5, Inc.",Technology,58.8,HOLD,🔥 HG High · 🏰 Wide Moat,79.4,Wide,22.5,21.4,14.4,52.9,🔥 High,-0.5,2.0,-0.8,5.1,,0.7,0.72,32.6,0.675,17.5,11.7,,455.105,436.1,-4.18,$25.8B,25.18,7.79,6.71,1.62,26.38,20.0,10.9,0.2,81.87,24.65,21.95,2.78,9.6,,103.39,-1.49,0.07,1.03,3.16,101.18,100.0,,,7.98,1.67,345.07,31.89,436.1,10.0,-4.18
MO,"Altria Group, Inc.",Consumer Defensive,58.7,HOLD,🔥 HG High · 🏰 Wide Moat · 📐 Rule of 40,65.1,Wide,31.5,-7.8,6.2,57.9,🔥 High,-1.6,11.8,-2.6,8.1,,-1.3,3.81,45.4,5.491,,,,66.665,70.0,5.0,$111.3B,11.37,5.44,-41.72,2.58,8.54,,1.2,-9.39,87.01,76.36,39.0,8.12,-3.4,,21.87,-13.49,,0.46,2.34,65.15,100.0,659.0,89.26,29.54,0.52,67.36,-1.03,70.0,11.0,5.0
SPOT,Spotify Technology S.A.,Communication Services,58.7,HOLD,🔥 HG High · 🏰 Wide Moat,67.7,Wide,-3.7,26.9,11.8,52.8,🔥 High,2.3,2.0,-0.8,2.1,,1.1,0.71,22.4,0.36,8.1,9.4,,477.29,591.31,23.89,$98.1B,27.52,5.42,10.27,1.34,33.8,44.0,13.9,6.11,32.77,13.71,18.43,1.57,,,17.85,-31.83,0.06,1.61,2.86,68.85,100.0,,,12.19,2.11,500.34,-4.61,591.31,37.0,23.89
EAT,"Brinker International, Inc.",Consumer Cyclical,58.6,HOLD,🔥 HG High · 〰️ Narrow Moat · 📈 Analyst Conviction · ⚠️ High Leverage,58.0,Narrow,-5.6,6.8,14.6,52.8,🔥 High,1.6,2.8,-5.1,6.3,,0.2,0.92,11.4,0.34,,-31.3,,192.07,262.59,36.72,$8.0B,13.2,1.39,18.27,1.8,11.91,120.0,5.1,8.97,18.65,11.26,8.39,4.57,22.5,,91.5,-24.68,3.96,1.26,18.68,115.18,100.0,,,14.28,0.46,169.89,13.06,262.59,22.0,36.72
SLB,SLB Limited,Energy,58.6,HOLD,〰️ Narrow Moat · 📈 Analyst Conviction · 💰 Income,58.9,Narrow,-5.6,8.4,14.8,48.0,📈 Emerging,-7.2,7.3,-0.8,-3.3,,-1.8,1.44,13.1,0.452,2.0,,,49.22,62.48,26.94,$73.0B,15.34,2.01,2.8,1.28,11.13,13.0,5.0,-2.32,16.99,12.71,8.53,4.05,-22.5,,55.56,-18.59,0.47,0.84,4.67,92.54,100.0,242.0,56.04,6.17,1.44,50.49,-2.52,62.48,29.0,26.94
AZZ,AZZ Inc.,Industrials,58.6,HOLD,🔥 HG High · 〰️ Narrow Moat · 💰 Income,62.0,Narrow,-2.6,10.9,15.4,54.4,🔥 High,1.6,2.8,-0.8,5.1,,1.1,1.25,12.6,0.448,,,,136.83,164.0,19.86,$4.1B,17.53,2.45,2.98,1.2,12.92,15.0,6.3,-7.71,23.81,17.18,11.83,2.55,-69.6,,47.16,-15.64,0.39,1.13,4.06,96.86,100.0,69.0,12.2,7.77,1.92,135.84,0.73,164.0,9.0,19.86
ELA,Envela Corporation,Consumer Cyclical,58.5,HOLD,🔥 HG High · 〰️ Narrow Moat · ⭐ Compounder · 💎 Deep Value · ⚠️ Below 200 DMA,54.6,Narrow,-8.0,20.1,-3.0,58.6,🔥 High,-0.8,4.0,2.8,11.2,,1.9,1.01,9.7,0.284,,,,11.96,25.0,109.03,$311M,34.17,1.06,3.88,0.66,9.72,32.0,3.5,71.43,21.69,8.99,7.63,5.84,51.7,,67.51,-59.7,0.24,0.38,6.7,20.3,100.0,,,18.38,4.24,17.46,-31.5,25.0,2.0,109.03
JNJ,Johnson & Johnson,Healthcare,58.3,HOLD,🏰 Wide Moat · 💰 Income,70.6,Wide,14.5,13.6,12.6,47.6,📈 Emerging,1.6,-1.6,-2.6,-2.1,,0.4,-0.69,23.8,0.998,15.6,,,254.37,279.27,9.79,$613.0B,21.02,6.26,7.21,2.68,18.5,26.0,6.6,0.29,68.14,29.19,21.48,2.75,-0.1,,39.05,-9.5,0.58,0.21,0.98,76.7,100.0,209.0,60.72,8.6,1.09,241.71,5.24,279.27,22.0,9.79
TAP,Molson Coors Beverage Company,Consumer Defensive,58.2,HOLD,〰️ Narrow Moat · 💰 Income · ⚠️ High Short,58.5,Narrow,14.1,-15.2,18.0,49.0,📈 Emerging,-5.7,0.0,-0.8,4.5,,-4.2,0.84,5.1,,,,,36.29,45.24,24.66,$6.8B,7.42,0.61,0.67,3.92,5.72,-19.0,-3.3,-20.93,37.01,11.3,-20.81,13.82,-46.0,,2.17,-33.8,0.76,0.43,27.65,109.96,100.0,521.0,35.97,3.79,0.88,43.26,-16.11,45.24,21.0,24.66
HPQ,HP Inc.,Technology,58.2,HOLD,🔥 HG High · 〰️ Narrow Moat,52.4,Narrow,-5.0,-0.6,10.4,51.8,🔥 High,0.8,4.0,-3.2,2.1,,-1.5,0.99,18.2,0.048,2.9,1.0,,31.645,29.66,-6.27,$28.5B,10.08,0.48,-310.25,3.43,7.58,,12.5,-1.58,19.66,5.4,4.14,11.88,-13.4,,80.21,-12.66,,1.19,9.4,95.61,100.0,374.0,45.4,5.63,0.79,23.63,33.92,29.66,17.0,-6.27
UNFI,"United Natural Foods, Inc.",Consumer Defensive,58.1,HOLD,🔥 HG High · 〰️ Narrow Moat,50.1,Narrow,-5.0,-4.4,9.6,51.7,🔥 High,-0.8,0.0,-0.8,5.1,,0.4,1.02,0.7,,,,,45.55,53.0,16.36,$2.7B,11.22,0.09,1.73,1.09,9.11,5.0,-0.7,-1.49,13.53,0.97,0.27,15.54,,,47.36,-20.12,1.87,0.97,7.12,99.56,100.0,,,2.79,1.29,44.41,2.57,53.0,8.0,16.36
VRSN,"VeriSign, Inc.",Technology,58.0,HOLD,🏰 Wide Moat · 📐 Rule of 40,68.9,Wide,29.4,-4.2,12.2,49.0,📈 Emerging,-0.5,-2.8,-2.6,3.9,,0.1,-1.4,54.8,2.668,6.3,4.2,,288.39,324.4,12.49,$26.1B,26.07,15.26,-11.57,2.13,23.05,,6.0,2.34,88.47,68.18,49.77,3.19,4.4,,38.08,-7.71,,0.69,2.18,89.54,100.0,112.0,34.31,45.12,0.59,265.88,8.47,324.4,5.0,12.49
CMPR,Cimpress PLC,Industrials,57.9,HOLD,🔥 HG High · 🏰 Wide Moat,66.3,Wide,17.0,-4.2,19.4,56.1,🔥 High,1.5,5.2,0.4,5.1,,-1.3,1.19,11.2,0.107,9.4,-2.9,,74.585,114.5,53.52,$1.8B,13.25,0.49,-3.68,2.38,10.31,,8.7,2.66,46.11,6.32,2.57,5.22,,,23.1,-30.02,,1.82,15.12,90.51,100.0,,,7.5,0.73,84.12,-11.33,114.5,2.0,53.52
DNOW,DNOW Inc.,Industrials,57.8,HOLD,🚀 Rocket · 〰️ Narrow Moat · 🚀 Accel Growth · 📐 Rule of 40 Elite,64.5,Narrow,-10.5,8.2,31.0,71.8,🚀 Rocket,17.4,19.2,4.8,2.1,,2.4,2.47,95.0,0.008,,46.0,,15.59,18.75,20.27,$2.8B,18.92,0.69,1.35,,22.45,-12.0,108.1,86.59,20.23,1.07,-4.63,-19.03,,,42.57,-9.68,0.31,0.89,7.23,109.21,100.0,,,1.69,2.14,13.87,12.4,18.75,4.0,20.27
MDB,"MongoDB, Inc.",Technology,57.7,HOLD,🔥 HG High · 🏰 Wide Moat · 🚀 Accel Growth · 📐 Rule of 40,80.7,Wide,11.3,21.0,28.4,65.4,🔥 High,8.8,16.9,4.8,0.3,,1.9,1.58,50.7,0.312,29.1,29.5,,364.9,446.5,22.36,$29.3B,46.44,10.55,9.87,1.67,1911.34,2.0,30.5,9.44,72.69,3.68,2.12,1.91,,,69.19,-22.87,0.02,1.75,3.67,96.61,100.0,,,-0.22,4.87,342.87,6.43,446.5,37.0,22.36
ETSY,"Etsy, Inc.",Consumer Cyclical,57.5,HOLD,🔥 HG High · 🏰 Wide Moat,69.0,Wide,20.4,-0.2,17.4,55.6,🔥 High,0.8,5.6,1.6,3.3,,-0.0,0.87,12.0,0.473,15.6,20.1,,71.53,88.33,23.49,$6.6B,10.38,2.23,-4.74,0.77,18.34,,6.2,-6.89,71.4,18.74,7.11,2.58,,,62.57,-18.69,,1.86,13.14,126.39,100.0,,,10.53,1.48,65.68,8.91,88.33,27.0,23.49
ALKS,Alkermes plc,Healthcare,57.5,HOLD,🔥 HG High · 🏰 Wide Moat · 🚀 Accel Growth · 📈 Analyst Conviction,82.1,Wide,20.6,14.5,28.4,53.4,🔥 High,8.1,1.2,-5.1,2.7,,-2.2,-0.01,36.2,0.176,22.0,-100.0,0.0,42.058,56.56,34.48,$7.1B,23.26,4.23,3.9,1.96,27.8,4.0,27.0,-1.56,87.18,15.5,3.96,2.17,-99.4,,55.77,-24.45,0.87,0.27,12.52,107.48,100.0,,,4.2,2.3,39.09,7.59,56.56,18.0,34.48
RBBN,Ribbon Communications Inc.,Technology,57.4,HOLD,🔥 HG High · 〰️ Narrow Moat · 💎 Deep Value · ⚠️ Below 200 DMA,50.2,Narrow,0.9,-8.0,7.5,52.8,🔥 High,-12.0,8.6,2.8,6.3,,-2.0,3.8,-7.8,,21.2,9.4,0.2,1.71,3.3,92.98,$306M,10.96,0.38,0.78,0.57,14.07,4.0,-12.8,-24.5,51.11,-4.04,1.96,13.02,,,10.32,-58.19,1.01,1.37,5.37,73.23,100.0,,,-0.65,1.31,2.38,-28.15,3.3,5.0,92.98
DT,"Dynatrace, Inc.",Technology,57.3,HOLD,🔥 HG High · 🏰 Wide Moat · 📐 Rule of 40,76.7,Wide,21.2,13.4,18.3,53.4,🔥 High,2.8,11.2,-5.0,-2.1,,-0.2,0.83,42.3,0.477,23.5,-5.7,,59.64,59.97,0.55,$17.3B,26.0,8.26,7.07,1.21,55.57,6.0,16.2,7.67,81.6,12.89,7.22,3.16,-23.6,,88.53,-1.0,0.07,0.77,5.09,107.93,100.0,,,4.17,1.21,42.56,40.13,59.97,34.0,0.55
SNAP,Snap Inc.,Communication Services,57.3,HOLD,🔥 HG High · 〰️ Narrow Moat · 🚀 Accel Growth · 📈 Analyst Conviction,62.7,Narrow,9.1,-1.4,17.5,58.9,🔥 High,8.0,2.4,-0.8,8.2,,2.7,-1.11,30.1,0.092,30.2,,,5.69,7.39,29.88,$9.6B,7.34,1.52,4.97,508.87,-75.22,-16.0,18.9,1.46,57.33,-2.64,-4.9,7.42,,,49.34,-37.68,2.19,1.08,8.91,44.58,100.0,,,-2.72,2.94,5.63,1.07,7.39,35.0,29.88
GTN,"Gray Media, Inc.",Communication Services,57.2,HOLD,🔥 HG High · 〰️ Narrow Moat · 💎 Deep Value,50.5,Narrow,-2.6,-13.0,16.6,61.9,🔥 High,3.2,13.0,1.3,6.3,,4.9,5.73,13.6,0.247,,10.0,,4.54,6.5,43.17,$468M,-6.49,0.15,0.21,0.12,9.82,-1.0,8.7,2.54,26.05,18.59,-0.83,33.18,,,27.89,-29.5,2.16,1.03,5.4,82.86,100.0,705.0,74.42,2.73,0.95,4.62,-1.73,6.5,5.0,43.17
MLAB,"Mesa Laboratories, Inc.",Technology,57.0,HOLD,〰️ Narrow Moat · 💰 Income,60.4,Narrow,13.9,3.7,3.0,47.4,📈 Emerging,-2.9,0.0,-5.6,3.3,,1.4,1.08,22.4,3.487,8.2,-0.2,,134.85,125.0,-7.3,$755M,13.13,3.02,4.0,,19.17,3.0,1.0,4.92,64.21,11.69,1.92,7.07,-40.3,,102.6,-2.75,0.85,1.05,7.42,96.07,100.0,48.0,75.29,3.29,1.79,99.49,35.54,125.0,1.0,-7.3
BIIB,Biogen Inc.,Healthcare,56.9,HOLD,🏰 Wide Moat,72.7,Wide,22.4,9.8,12.8,46.6,📈 Emerging,-3.6,2.8,-2.6,-3.3,,-3.9,1.06,16.0,1.16,18.0,,,218.46,238.18,9.03,$32.3B,13.21,3.22,1.71,2.27,11.78,5.0,3.4,-2.24,78.32,25.06,8.32,3.93,-84.6,,58.3,-5.22,0.44,0.09,4.39,99.51,100.0,,,5.21,1.86,195.19,11.92,238.18,31.0,9.03
VLGEA,"Village Super Market, Inc.",Consumer Defensive,56.9,HOLD,🔥 HG High · 〰️ Narrow Moat · 💰 Income,49.6,Narrow,-0.4,2.3,-2.6,59.4,🔥 High,-1.6,13.0,4.0,3.3,,-0.3,2.94,2.9,0.228,,,525.2,45.395,,,$672M,,0.28,1.31,,8.29,11.0,1.6,13.71,28.16,1.47,2.27,4.65,-19.7,,50.91,-5.84,0.62,0.43,5.4,69.83,100.0,217.0,27.25,4.3,1.17,41.44,9.54,,,
NKE,"Nike, Inc.",Consumer Cyclical,56.8,HOLD,〰️ Narrow Moat · 💰 Income · ⚠️ Below 200 DMA,60.0,Narrow,7.0,5.6,7.2,47.7,📈 Emerging,0.3,-3.2,-0.8,-0.9,,8.4,0.76,-0.4,,,,,33.2,39.99,20.45,$49.3B,18.78,1.07,3.31,1.36,10.85,22.0,-4.3,-3.76,43.41,7.92,6.74,3.59,-2.1,,3.85,-54.14,0.73,1.1,8.98,82.7,100.0,484.0,77.62,6.89,2.08,48.72,-31.86,39.99,36.0,20.45
FET,"Forum Energy Technologies, Inc.",Energy,56.8,HOLD,🔥 HG High · 〰️ Narrow Moat,59.9,Narrow,2.0,2.1,15.4,52.4,🔥 High,-2.4,10.1,-5.0,2.1,,4.1,1.49,20.9,0.103,,-3.9,,84.135,91.0,8.16,$965M,16.96,1.16,3.27,1.89,17.34,-1.0,13.2,6.35,28.04,9.32,-0.19,6.61,61.1,,233.34,-3.76,0.79,0.68,6.13,86.64,100.0,,,2.69,2.19,58.22,44.51,91.0,1.0,8.16
PINE,"Alpine Income Property Trust, I",Real Estate,56.7,HOLD,🔥 HG High · 🏰 Wide Moat · 💰 Income,76.1,Wide,18.1,14.0,19.6,65.0,🔥 High,12.0,5.0,4.8,8.1,,7.6,3.06,-135.1,0.296,,25.9,,17.5,21.95,25.43,$335M,25.61,4.8,0.91,,13.67,2.0,34.6,26.39,86.4,44.42,9.36,-35.36,,,33.59,-20.42,1.09,0.59,2.04,63.58,100.0,682.0,557.14,2.29,67.73,19.02,-7.99,21.95,10.0,25.43
NOW,"ServiceNow, Inc.",Technology,56.6,HOLD,🔥 HG High · 🏰 Wide Moat · 🚀 Accel Growth · 💎 Deep Value · 📐 Rule of 40,70.1,Wide,14.1,9.1,16.5,52.8,🔥 High,1.6,7.6,-0.2,-3.3,,-5.9,0.52,59.0,0.404,22.3,12.5,,137.24,144.99,5.65,$141.9B,27.42,9.63,11.34,0.97,49.27,14.0,24.0,10.65,74.77,4.06,11.34,3.63,-22.6,,68.93,-28.88,0.68,0.99,2.79,84.77,100.0,,,4.25,0.7,115.76,18.56,144.99,46.0,5.65
KVUE,Kenvue Inc.,Consumer Defensive,56.5,HOLD,🔥 HG High · 🏰 Wide Moat · 💰 Income,65.2,Wide,19.4,2.7,8.0,55.3,🔥 High,-0.9,10.2,-2.6,3.9,,-0.2,2.97,15.4,0.877,,,,17.235,19.5,13.14,$33.1B,13.9,2.15,3.14,1.37,11.65,16.0,3.0,3.85,58.44,19.42,10.76,5.76,8.6,,22.93,-14.38,0.82,0.45,3.48,95.91,100.0,488.0,96.51,6.99,1.0,18.03,-4.41,19.5,12.0,13.14
AX,"Axos Financial, Inc.",Financial Services,56.5,HOLD,🔥 HG High · 〰️ Narrow Moat,57.8,Narrow,-6.0,4.9,16.5,55.0,🔥 High,5.6,-3.2,1.3,6.3,,,,,0.212,,,,88.135,117.71,33.56,$5.0B,8.1,3.63,1.58,0.95,,17.0,18.1,21.47,0.0,45.03,35.55,,12.9,,17.69,-16.65,,1.29,8.04,88.34,100.0,,,1.79,,92.3,-4.51,117.71,7.0,33.56
OKTA,"Okta, Inc.",Technology,56.0,HOLD,🏰 Wide Moat · 📐 Rule of 40,74.3,Wide,17.8,15.9,14.4,48.5,📈 Emerging,1.1,1.2,-3.2,-2.1,,2.2,-3.16,44.4,1.066,21.9,0.0,,215.46,212.25,-1.49,$37.7B,49.21,12.26,5.4,1.51,108.18,4.0,10.6,3.1,78.13,13.29,9.63,2.75,73.1,,243.86,-0.52,0.01,0.73,5.49,99.26,100.0,,,1.58,1.52,112.14,92.13,212.25,43.0,-1.49
SNEX,StoneX Group Inc.,Financial Services,55.9,HOLD,🔥 HG High · 〰️ Narrow Moat · ⚠️ High Leverage,50.7,Narrow,-14.0,8.9,6.5,55.5,🔥 High,4.3,0.0,4.6,2.1,,0.1,0.98,,-0.003,,,20.8,66.08,75.0,13.5,$8.0B,13.97,0.05,2.79,0.14,,22.0,15.2,39.84,1.73,0.42,0.34,,101.7,,81.29,-30.19,8.23,0.62,5.59,85.43,100.0,,,1.19,1.06,64.44,2.55,75.0,1.0,13.5
BAP,Credicorp Ltd.,Financial Services,55.9,HOLD,〰️ Narrow Moat,55.8,Narrow,-6.0,4.9,12.6,49.5,📈 Emerging,0.8,-3.2,-2.6,3.9,,,,,0.071,,,,380.345,427.48,12.39,$30.2B,11.11,1.36,2.82,4.55,,20.0,12.0,1.4,0.0,49.4,33.1,,8.8,,65.04,-7.96,,0.87,2.31,82.91,100.0,386.0,53.95,2.84,,350.67,8.46,427.48,14.0,12.39
COST,Costco Wholesale Corporation,Consumer Defensive,55.9,HOLD,🔥 HG High · 〰️ Narrow Moat · 💰 Income,62.9,Narrow,-10.0,19.7,15.8,50.9,🔥 High,3.6,4.0,-2.6,-3.3,,-0.2,1.08,13.5,0.117,,,,921.785,1057.94,14.77,$408.6B,36.85,1.35,11.41,4.64,27.53,28.0,11.1,-19.22,12.82,3.97,3.04,1.75,14.9,,9.21,-15.93,0.24,0.87,1.66,74.43,100.0,64.0,27.01,8.79,1.06,961.42,-4.12,1057.94,35.0,14.77
CATY,Cathay General Bancorp,Financial Services,55.0,HOLD,🔥 HG High · 〰️ Narrow Moat,53.6,Narrow,-6.0,0.5,12.6,50.4,🔥 High,1.5,-3.2,-2.6,5.1,,,,,0.263,,,,60.29,65.0,7.81,$4.0B,10.14,5.06,1.32,1.33,,12.0,13.8,2.0,0.0,62.62,43.67,,19.1,,35.27,-7.62,,0.88,6.74,79.11,100.0,250.0,28.13,1.44,,56.3,7.09,65.0,5.0,7.81
PFBC,Preferred Bank,Financial Services,54.9,HOLD,〰️ Narrow Moat,52.5,Narrow,-6.0,1.3,9.6,47.3,📈 Emerging,-3.7,-6.0,-2.6,6.9,,,,,0.634,,,,105.1,114.4,8.85,$1.2B,9.48,4.35,1.57,0.94,,18.0,4.7,0.7,0.0,67.44,47.25,,2.1,,28.96,-6.38,,0.56,12.0,89.93,100.0,301.0,35.91,1.8,,97.63,7.65,114.4,5.0,8.85
CPB,The Campbell's Company,Consumer Defensive,54.4,HOLD,💎 Deep Value · ⚠️ High Short,41.1,Weak,5.3,-10.9,-12.1,49.0,📈 Emerging,-3.7,-4.4,-2.6,8.7,,-1.9,1.24,-1.4,,1.0,,,19.71,20.79,5.48,$5.9B,10.73,0.6,1.53,0.51,8.16,10.0,-7.9,10.47,28.54,10.2,4.14,10.79,,,3.19,-38.48,1.79,0.04,24.95,63.06,100.0,513.0,119.08,4.94,0.81,23.22,-15.12,20.79,17.0,5.48
BH,Biglari Holdings Inc.,Consumer Cyclical,54.4,HOLD,🔥 HG High · 〰️ Narrow Moat,57.7,Narrow,2.3,-1.5,14.4,54.5,🔥 High,3.2,11.2,-3.2,-2.1,,2.7,2.18,14.7,0.077,,3.1,,368.92,,,$1.2B,-49.52,2.9,0.43,-18.8,3.81,-5.0,7.9,-2.26,39.13,7.74,-7.33,2.36,-21.6,,57.04,-23.71,0.66,0.51,3.64,95.26,100.0,,,1.56,2.45,354.87,3.96,,,
VPG,"Vishay Precision Group, Inc.",Technology,54.4,HOLD,🔥 HG High · 〰️ Narrow Moat,63.6,Narrow,-7.9,17.4,17.4,51.7,🔥 High,-1.3,0.4,-3.2,7.5,,-0.5,0.73,13.7,0.264,,-19.8,,76.9776,93.33,21.24,$1.0B,43.0,3.12,3.08,1.75,43.14,1.0,11.7,5.8,38.75,0.52,1.2,0.63,,,164.71,-49.28,0.12,1.39,12.58,92.68,100.0,,,1.07,4.16,71.42,7.78,93.33,3.0,21.24
DDS,"Dillard's, Inc.",Consumer Cyclical,54.3,HOLD,🔥 HG High · 〰️ Narrow Moat · 💰 Income · ⚠️ High Short,57.2,Narrow,5.2,12.9,-3.8,51.2,🔥 High,-3.7,0.0,-0.8,6.9,,-0.2,1.08,5.2,,,,33.9,657.5,545.67,-17.01,$10.3B,19.06,1.56,4.84,2.24,11.03,34.0,-0.4,6.55,40.65,5.69,10.33,3.61,34.1,,30.7,-11.39,0.22,1.16,28.3,72.11,100.0,18.0,2.75,11.36,3.03,604.17,8.83,545.67,3.0,-17.01
FBIO,"Fortress Biotech, Inc.",Healthcare,54.1,HOLD,🔥 HG High · 🏰 Wide Moat · ⚠️ Below 200 DMA,69.2,Wide,-3.4,25.9,15.6,58.7,🔥 High,4.4,-4.0,2.8,14.2,,1.0,0.44,-11.0,-0.035,18.8,,3.3,2.02,5.0,147.52,$67M,-1.15,0.98,0.41,,1.34,116.0,14.0,-9.04,63.28,-53.46,163.32,-25.44,,,1.0,-55.41,0.26,1.25,19.81,31.43,100.0,,,-7.76,3.96,2.97,-31.99,5.0,1.0,147.52
PRK,Park National Corporation,Financial Services,54.1,HOLD,🔥 HG High · 〰️ Narrow Moat · 🚀 Accel Growth,57.9,Narrow,-6.0,4.1,17.6,56.1,🔥 High,8.0,-3.2,-2.6,10.0,,,,,0.185,,,,180.725,206.0,13.99,$3.3B,13.59,5.36,1.89,3.47,,13.0,25.7,12.65,0.0,46.61,31.25,,22.1,,21.24,-15.94,,0.71,4.81,54.48,100.0,240.0,38.78,1.68,,175.8,2.8,206.0,4.0,13.99
PANW,"Palo Alto Networks, Inc.",Technology,53.9,HOLD,🔥 HG High · 🏰 Wide Moat · 🚀 Accel Growth · 📐 Rule of 40 Elite,71.6,Wide,10.4,13.0,19.4,56.2,🔥 High,8.1,8.4,-0.8,-3.3,,-4.6,0.66,71.4,0.832,22.2,13.4,,404.47,396.92,-1.87,$330.9B,82.9,28.82,11.99,2.06,211.12,2.0,34.5,21.34,70.38,5.4,2.67,1.28,,,189.8,-1.23,0.09,0.93,2.69,84.37,100.0,,,1.4,0.87,250.34,61.57,396.92,50.0,-1.87
LINC,Lincoln Educational Services Co,Consumer Defensive,53.6,HOLD,🔥 HG High · 🏰 Wide Moat · 🚀 Accel Growth · ⚠️ Below 200 DMA,74.5,Wide,15.0,7.1,26.5,58.1,🔥 High,5.7,-1.6,5.2,6.9,,-2.1,-0.02,23.3,0.069,,17.6,,21.81,48.2,121.0,$692M,20.85,1.21,3.42,1.57,14.49,12.0,22.4,1.82,59.84,2.3,3.99,0.76,25.2,,26.14,-61.29,1.13,0.83,10.41,95.33,100.0,,,4.2,0.96,36.12,-39.62,48.2,5.0,121.0
MCK,McKesson Corporation,Healthcare,53.6,HOLD,🔥 HG High · 〰️ Narrow Moat,50.4,Narrow,-10.5,-4.2,15.4,59.2,🔥 High,1.5,8.5,4.6,3.9,,-0.1,1.41,9.4,0.036,,,23.5,903.58,979.36,8.39,$105.3B,17.92,0.26,-24.72,1.7,16.23,,7.7,-6.65,3.63,1.35,1.12,6.46,-21.7,,24.86,-9.55,,0.3,2.49,93.52,100.0,42.0,8.79,4.74,0.89,847.42,6.63,979.36,14.0,8.39
PSKY,Paramount Skydance Corporation,Communication Services,53.3,HOLD,🔥 HG High · 〰️ Narrow Moat · 💰 Income · 📐 Rule of 40 Elite,45.3,Narrow,-0.8,-9.6,1.0,55.5,🔥 High,-3.7,4.4,-2.6,13.0,,,0.41,61.3,1.003,,9.7,,9.415,9.92,5.36,$10.6B,11.13,0.36,0.9,1.07,7.94,-1.0,0.9,2.16,33.33,9.35,-2.13,166.55,-28.1,,23.56,-51.01,1.26,1.55,15.73,31.74,100.0,211.0,93.2,2.75,1.04,10.56,-10.84,9.92,16.0,5.36
ANGO,"AngioDynamics, Inc.",Healthcare,53.2,HOLD,🔥 HG High · 〰️ Narrow Moat,58.3,Narrow,-1.2,3.5,14.2,52.6,🔥 High,1.5,1.6,1.3,0.9,,-0.3,0.73,14.8,0.227,9.2,,,15.035,20.0,33.02,$632M,-334.11,1.97,3.67,1.41,3093.75,-21.0,8.0,3.58,54.62,-6.52,-11.48,3.44,,,60.12,-7.7,0.06,0.3,3.46,92.46,100.0,,,-5.13,2.19,12.48,20.47,20.0,4.0,33.02
ICLR,ICON plc,Healthcare,52.9,HOLD,〰️ Narrow Moat · 💎 Deep Value,50.7,Narrow,-8.0,-0.3,9.6,47.5,📈 Emerging,-5.7,0.0,-2.6,3.3,,-2.1,1.25,8.7,1.517,,3.4,,162.62,186.76,14.84,$12.5B,13.76,1.51,1.34,0.49,28.85,0.0,1.2,-2.42,23.91,9.41,0.33,4.96,-64.3,,144.28,-20.25,0.38,1.24,3.85,108.34,100.0,,,0.97,0.95,146.44,11.05,186.76,17.0,14.84
CAG,"ConAgra Brands, Inc.",Consumer Defensive,52.9,HOLD,🔥 HG High · 〰️ Narrow Moat · 💰 Income,45.4,Narrow,0.0,-13.2,4.0,54.1,🔥 High,-0.8,9.0,-2.6,2.7,,0.3,2.92,2.7,,,,,13.305,14.32,7.63,$6.4B,8.73,0.56,0.99,10.86,7.95,-25.0,-1.4,5.9,23.84,11.59,-16.95,7.34,6.0,,6.19,-34.52,1.21,0.0,10.92,91.09,100.0,524.0,79.55,4.29,1.1,15.6,-14.71,14.32,16.0,7.63
OZK,Bank OZK,Financial Services,52.7,HOLD,〰️ Narrow Moat,46.6,Narrow,-6.0,-10.3,9.6,47.6,📈 Emerging,-3.7,-7.2,-0.8,6.9,,,,,,,,,46.54,54.0,16.03,$5.1B,7.7,3.27,0.85,2.76,,11.0,-2.1,-7.08,0.0,55.61,44.53,,-8.5,,9.84,-12.83,,0.91,16.32,99.11,100.0,420.0,30.03,1.66,,48.5,-4.04,54.0,9.0,16.03
DE,Deere & Company,Industrials,52.7,HOLD,〰️ Narrow Moat,55.3,Narrow,-1.4,7.8,4.2,49.2,📈 Emerging,-0.8,4.5,-5.0,-0.3,,1.2,1.32,14.3,1.034,5.2,-2.5,,678.715,691.83,1.93,$183.0B,29.71,3.82,6.54,1.59,28.25,18.0,4.9,8.25,25.18,13.37,10.17,2.47,7.0,,56.75,-5.89,2.3,0.87,2.08,84.43,100.0,94.0,36.02,3.76,2.13,587.88,15.45,691.83,23.0,1.93
MCB,Metropolitan Bank Holding Corp.,Financial Services,52.7,HOLD,🔥 HG High · 〰️ Narrow Moat,54.4,Narrow,-6.0,0.5,14.2,54.0,🔥 High,1.5,-3.2,6.4,3.3,,,,,0.206,,,22.2,88.09,106.0,20.33,$1.1B,7.72,3.5,1.13,3.22,,10.0,14.0,10.84,0.0,36.61,27.76,,2.4,,36.24,-13.67,,1.04,5.3,93.37,100.0,157.0,9.62,1.04,,89.23,-1.28,106.0,3.0,20.33
DIS,Walt Disney Company (The),Communication Services,52.4,HOLD,〰️ Narrow Moat · 💰 Income,54.0,Narrow,-1.2,3.3,5.8,48.7,📈 Emerging,1.1,-0.8,-0.8,-2.1,,3.0,0.39,11.7,0.333,,,,101.75,126.61,24.43,$175.7B,13.59,1.78,1.6,3.33,10.69,8.0,6.8,12.04,37.6,19.3,8.7,2.77,-49.9,,10.37,-13.1,0.39,1.42,1.14,78.52,100.0,147.0,30.93,4.81,0.71,103.85,-2.02,126.61,32.0,24.43
TENB,"Tenable Holdings, Inc.",Technology,52.4,HOLD,🔥 HG High · 〰️ Narrow Moat,61.1,Narrow,18.9,-4.2,7.2,52.1,🔥 High,-1.3,7.2,-5.6,3.9,,-0.6,1.1,33.2,0.466,22.4,-6.8,,37.735,35.35,-6.32,$4.2B,17.3,3.98,21.01,1.26,77.87,2.0,8.6,3.81,78.05,4.85,0.65,6.18,,,139.89,-13.59,2.12,1.01,19.36,109.4,100.0,,,1.99,0.79,26.9,40.28,35.35,20.0,-6.32
WMT,Walmart Inc.,Consumer Defensive,52.0,HOLD,🔥 HG High · 〰️ Narrow Moat · 💰 Income,55.9,Narrow,-5.1,6.3,10.4,55.6,🔥 High,2.3,4.0,-0.8,5.8,,1.2,0.76,6.9,0.207,,,,103.6104,126.78,22.36,$824.5B,32.12,1.12,8.38,3.54,20.36,22.0,5.9,-0.97,24.84,3.45,3.0,0.86,-9.4,,4.78,-23.34,0.72,0.58,1.83,38.2,100.0,95.0,34.96,6.41,0.77,118.32,-12.43,126.78,40.0,22.36
HTO,H2O America,Utilities,52.0,HOLD,🔥 HG High · 🏰 Wide Moat · 💰 Income,69.6,Wide,18.1,5.3,15.4,52.1,🔥 High,-0.5,0.4,-2.6,6.9,,-2.2,2.02,-24.0,0.838,,,,58.99,67.0,13.58,$2.5B,21.67,2.98,1.34,2.68,13.59,6.0,6.2,-7.55,56.91,21.26,12.91,-10.15,7.8,,34.83,-12.07,1.03,0.32,16.38,119.39,100.0,293.0,60.78,2.29,1.67,58.03,1.65,67.0,7.0,13.58
HOMB,"Home BancShares, Inc.",Financial Services,51.9,HOLD,〰️ Narrow Moat,51.8,Narrow,-6.0,-3.1,12.6,49.5,📈 Emerging,0.8,-6.0,-0.8,5.1,,,,,0.593,,,,28.42,33.25,17.0,$5.7B,10.92,5.17,1.25,3.01,,11.0,8.6,-4.75,0.0,57.61,43.6,,0.8,,11.45,-10.35,,0.72,6.95,79.06,100.0,300.0,34.3,2.01,,28.46,-0.14,33.25,8.0,17.0
CMP,Compass Minerals Intl Inc,Basic Materials,51.9,HOLD,〰️ Narrow Moat · 💎 Deep Value · ⚠️ High Leverage,46.7,Narrow,-6.5,-1.3,1.2,47.3,📈 Emerging,-7.2,-2.8,1.3,3.3,,0.0,1.06,7.4,4.257,,,,22.31,30.75,37.83,$937M,17.62,0.72,3.55,0.12,7.45,7.0,0.3,99.21,17.22,5.06,1.42,9.73,,,36.04,-35.33,2.94,1.26,6.92,78.29,100.0,,,4.99,2.01,25.78,-13.46,30.75,4.0,37.83
NIO,NIO Inc.,Consumer Cyclical,51.9,HOLD,🔥 HG High · 〰️ Narrow Moat · 🚀 Accel Growth · 📈 Analyst Conviction · ⚠️ Below 200 DMA,55.2,Narrow,-14.0,-1.8,26.0,69.5,🔥 High,17.4,12.4,2.8,6.5,,3.3,1.81,,0.001,12.1,,,3.465,6.31,82.11,$8.7B,27.28,0.08,14.28,,1.33,-45.0,69.1,17.16,17.36,-1.08,-4.17,,,,2.82,-55.92,2.03,0.92,7.28,12.11,100.0,,,-2.02,1.02,5.05,-31.39,6.31,24.0,82.11
PFS,"Provident Financial Services, I",Financial Services,51.8,HOLD,〰️ Narrow Moat,49.8,Narrow,-6.0,-3.1,8.8,46.7,📈 Emerging,-3.7,-7.2,-0.8,5.1,,,,,1.646,,,,22.365,27.75,24.08,$2.9B,8.62,3.26,1.0,1.61,,11.0,3.8,1.55,0.0,52.27,34.97,,8.6,,26.43,-12.26,,0.82,6.66,77.57,100.0,425.0,40.0,1.25,,22.41,-0.2,27.75,6.0,24.08
FISV,"Fiserv, Inc.",Unknown,51.8,HOLD,〰️ Narrow Moat · 📈 Analyst Conviction · ⚠️ Below 200 DMA,46.4,Narrow,-4.0,-7.8,4.6,45.4,📈 Emerging,-3.6,-3.6,1.3,-3.3,,-3.2,0.02,,,,0.4,,45.15,59.77,32.38,$24.0B,5.63,,0.89,,,,0.15,-4.48,,,,,,,2.92,-64.94,,,,,100.0,,,,,56.75,-20.44,59.77,26.0,32.38
TEAM,Atlassian Corporation,Technology,51.4,HOLD,🔥 HG High · 🏰 Wide Moat · 📐 Rule of 40,70.2,Wide,22.7,-2.8,20.0,56.6,🔥 High,10.4,6.4,-5.0,1.5,,2.7,-2.37,52.8,0.262,49.7,-17.3,,193.04,205.39,6.4,$48.9B,28.69,7.44,46.21,1.96,108.97,-4.0,27.6,24.74,85.64,12.26,-0.82,3.39,,,244.65,-3.48,1.16,1.23,6.09,104.64,100.0,,,3.04,0.78,112.36,71.8,205.39,31.0,6.4
RGCO,RGC Resources Inc.,Utilities,51.2,HOLD,🔥 HG High · 💰 Income,41.2,Weak,-3.2,-7.3,-7.0,54.4,🔥 High,-0.8,4.5,-5.0,10.0,,0.3,1.33,0.6,,,-14.9,,21.86,23.0,5.22,$228M,15.84,2.13,1.85,1.29,11.94,12.0,-0.9,217.48,31.53,7.86,13.05,0.69,3.8,,6.37,-21.9,1.21,0.49,1.49,42.36,100.0,399.0,62.96,3.61,0.94,22.31,-2.02,23.0,1.0,5.22
BKH,Black Hills Corporation,Utilities,50.9,HOLD,🔥 HG High · 〰️ Narrow Moat · 💰 Income,52.0,Narrow,5.1,-1.2,0.0,51.8,🔥 High,0.8,-3.2,-0.8,6.9,,2.7,1.23,-0.3,1.391,,2.9,,70.785,83.17,17.5,$5.4B,15.35,2.35,1.37,2.51,11.81,8.0,3.1,81.47,39.72,21.42,13.01,-1.44,38.9,,18.15,-10.05,1.12,0.66,18.9,104.39,100.0,396.0,69.47,3.22,0.52,72.62,-2.53,83.17,6.0,17.5
GTLB,GitLab Inc.,Technology,50.8,HOLD,🔥 HG High · 🏰 Wide Moat · 🚀 Accel Growth · 📐 Rule of 40,68.4,Wide,16.4,0.7,19.3,54.7,🔥 High,1.5,8.8,-1.8,0.9,,-2.7,0.34,48.4,0.315,28.7,-22.8,406.5,50.62,55.71,10.06,$8.4B,48.75,7.99,9.15,,-119.22,-6.0,21.3,8.11,85.9,-11.54,-4.99,3.39,,,170.26,-8.87,,0.99,8.66,90.06,100.0,,,-2.53,2.41,32.32,56.62,55.71,24.0,10.06
GIS,"General Mills, Inc.",Consumer Defensive,50.7,HOLD,🔥 HG High · 〰️ Narrow Moat,50.4,Narrow,10.0,-17.2,8.0,54.1,🔥 High,-0.8,7.2,-0.8,2.7,,1.8,1.78,4.3,,,,,31.79,37.0,16.39,$17.0B,10.08,0.93,2.3,11.74,8.88,-10.0,-2.8,-1.79,33.73,15.24,-4.89,7.66,-67.0,,1.96,-37.98,1.82,0.02,10.91,91.06,100.0,762.0,59.41,5.65,0.7,38.8,-18.07,37.0,18.0,16.39
ZS,"Zscaler, Inc.",Technology,50.4,HOLD,🔥 HG High · 🏰 Wide Moat · 🚀 Accel Growth · 📐 Rule of 40,67.4,Wide,12.9,5.7,15.9,67.3,🔥 High,6.4,21.4,-0.2,7.0,,0.1,2.58,57.0,0.365,26.9,19.8,,202.5,210.13,3.77,$33.0B,36.15,9.85,12.71,2.01,694.42,-3.0,24.9,7.91,76.87,-1.01,-1.88,3.26,,,76.66,-39.91,0.72,0.94,6.1,53.24,100.0,,,-1.03,1.7,166.42,21.68,210.13,44.0,3.77
CLOV,"Clover Health Investments, Corp",Healthcare,50.0,HOLD,🚀 Rocket · 〰️ Narrow Moat · 📐 Rule of 40 · ⚠️ High Beta,52.9,Narrow,-10.0,-1.8,17.6,74.0,🚀 Rocket,17.4,14.1,-0.8,17.2,,2.6,1.58,58.4,0.015,,,,4.4,5.38,22.27,$2.3B,29.33,0.94,6.19,,-116.03,-5.0,55.6,50.85,18.54,3.77,-0.74,2.95,,,178.48,-21.29,,2.46,5.58,33.97,100.0,,,-1.77,1.5,3.33,32.13,5.38,4.0,22.27
TSLA,"Tesla, Inc.",Consumer Cyclical,50.0,HOLD,🔥 HG High · 〰️ Narrow Moat · 🚀 Accel Growth,64.6,Narrow,-10.0,19.5,19.4,57.0,🔥 High,8.1,-0.8,-0.2,7.0,,-2.3,0.69,30.2,0.544,6.8,12.2,,374.0751,396.41,5.97,$1.5T,174.42,14.26,17.01,4.43,133.6,5.0,25.5,-20.32,18.85,1.41,3.67,0.33,-4.9,,25.79,-25.01,0.18,1.92,1.95,43.66,100.0,,,1.93,1.94,393.18,-4.86,396.41,38.0,5.97
MPX,Marine Products Corporation,Consumer Cyclical,49.9,HOLD,〰️ Narrow Moat,51.0,Narrow,-8.0,7.4,2.6,49.9,📈 Emerging,1.5,-3.2,-3.2,4.7,,,,16.6,0.073,,,,8.18,,,$280M,16.36,1.11,2.44,-0.52,13.54,6.0,12.8,,18.61,3.38,2.82,3.43,,,19.77,-18.85,,1.08,2.56,17.09,100.0,6.85,280.0,5.33,3.84,8.46,-3.31,,,
SNOW,Snowflake Inc.,Technology,49.9,HOLD,🔥 HG High · 〰️ Narrow Moat · 🚀 Accel Growth · 📐 Rule of 40 Elite,64.1,Narrow,5.1,-2.8,25.6,69.0,🔥 High,11.7,17.7,7.2,1.5,,-0.2,1.58,67.1,0.632,42.0,92.2,,340.305,425.14,24.93,$120.1B,113.24,22.09,55.8,6.11,-116.39,-48.0,35.1,14.68,67.03,-17.0,-20.07,1.45,,,187.66,-11.51,1.29,1.35,5.45,80.74,100.0,,,-9.02,0.94,227.99,49.26,425.14,48.0,24.93
CRCL,"Circle Internet Group, Inc.",Financial Services,49.5,HOLD,🔥 HG High · 〰️ Narrow Moat · 📈 Analyst Conviction,57.8,Narrow,-7.3,10.9,11.8,56.4,🔥 High,2.7,5.7,-0.8,5.1,,15.2,1.39,13.7,0.986,,,,83.2,105.02,26.23,$21.1B,55.5,7.27,5.99,4.34,82.65,15.0,6.6,-6.17,22.0,4.9,15.53,0.98,,,66.73,-47.83,0.0,,9.58,68.09,100.0,,,0.19,1.03,86.05,-3.31,105.02,24.0,26.23
HIMS,"Hims & Hers Health, Inc.",Healthcare,49.5,HOLD,🔥 HG High · 〰️ Narrow Moat · 🚀 Accel Growth · 📐 Rule of 40 Elite · ⚠️ High Short · ⚠️ High Beta · ⚠️ High Leverage,64.3,Narrow,10.5,-5.8,23.6,68.8,🔥 High,9.8,8.4,7.0,12.3,,-8.0,0.55,71.1,0.076,6.4,11.2,23.4,29.605,31.15,5.22,$6.9B,40.16,2.68,21.31,2.64,-734.13,-32.0,38.2,1.52,69.53,-12.75,-5.51,12.3,,,115.47,-54.66,4.77,2.43,27.26,71.15,100.0,,,-2.21,0.93,27.54,7.5,31.15,13.0,5.22
NET,"Cloudflare, Inc.",Technology,49.3,HOLD,🔥 HG High · 🏰 Wide Moat · 🚀 Accel Growth · 📐 Rule of 40 Elite,66.8,Wide,7.3,0.7,25.4,59.8,🔥 High,11.7,10.8,-5.6,2.7,,-1.7,1.01,63.4,1.371,23.6,-2.0,,352.015,338.71,-3.78,$125.3B,210.02,49.89,77.33,2.38,-34255.76,-14.0,35.9,13.83,72.58,-7.6,-8.21,0.55,,,121.63,-4.2,2.18,1.65,2.71,90.15,100.0,,,-2.04,1.82,235.21,49.66,338.71,31.0,-3.78
INTC,Intel Corporation,Technology,49.3,HOLD,🔥 HG High · 〰️ Narrow Moat · 🚀 Accel Growth · ⚠️ High Beta,61.4,Narrow,-5.5,8.2,19.8,64.9,🔥 High,10.4,15.6,-3.2,6.9,,5.0,2.27,33.9,0.441,26.1,,,117.19,116.37,-0.7,$619.5B,56.81,10.86,6.75,1.36,37.9,-11.0,25.4,-0.56,38.87,12.19,-19.79,0.79,,,256.31,-17.67,0.49,2.23,3.01,62.57,100.0,,,1.41,1.6,81.18,44.36,116.37,43.0,-0.7
CYH,"Community Health Systems, Inc.",Healthcare,48.7,HOLD,🔥 HG High,41.9,Weak,-2.2,-8.5,-5.3,50.6,🔥 High,-2.9,-3.2,-0.8,8.1,,0.6,1.2,-8.2,,,,,2.73,3.16,15.75,$385M,-5.27,0.03,-0.27,2.38,8.24,,-9.8,-3.95,41.41,7.68,2.1,51.24,-75.2,,13.28,-38.37,,1.89,10.4,84.14,100.0,,,4.63,1.53,3.08,-11.36,3.16,8.0,15.75
W,Wayfair Inc.,Consumer Cyclical,48.6,HOLD,🔥 HG High · 〰️ Narrow Moat · ⚠️ High Beta,54.9,Narrow,-1.4,-4.2,15.4,54.9,🔥 High,0.8,4.0,-0.8,5.7,,-0.1,1.23,11.2,0.168,,,,103.515,124.03,19.82,$14.2B,26.65,1.1,-5.07,23.5,45.88,,7.5,-5.97,30.35,3.01,-2.49,3.33,,,86.18,-13.72,,3.02,12.69,105.75,100.0,,,5.33,0.74,88.25,17.3,124.03,29.0,19.82
LUMN,"Lumen Technologies, Inc.",Communication Services,48.2,HOLD,🔥 HG High · 〰️ Narrow Moat · ⚠️ Below 200 DMA,46.6,Narrow,5.7,-15.0,2.7,52.4,🔥 High,-4.8,-3.6,6.9,6.3,,2.2,0.66,8.6,,,27.7,,5.605,7.64,36.31,$5.8B,-18.91,0.49,-3.88,17.14,7.85,,-9.3,-6.09,47.79,-2.89,-8.65,36.61,,,4.18,-53.1,,1.86,7.99,72.46,100.0,,50.0,-0.87,0.96,7.55,-25.76,7.64,10.0,36.31
CRWD,"CrowdStrike Holdings, Inc.",Technology,48.2,HOLD,🔥 HG High · 🏰 Wide Moat · 🚀 Accel Growth · 📐 Rule of 40 Elite,72.8,Wide,10.3,19.5,15.4,54.9,🔥 High,8.0,12.0,-8.0,-2.1,,-0.4,0.77,62.8,1.956,28.8,1.0,,271.15,236.27,-12.86,$277.6B,168.85,51.45,54.42,6.97,2548.61,1.0,25.8,12.27,75.19,-2.26,0.83,0.72,,,216.47,-0.87,0.16,1.2,2.77,77.8,100.0,,,-0.78,1.57,153.54,76.6,236.27,50.0,-12.86
XPEV,XPeng Inc.,Consumer Cyclical,48.1,HOLD,🔥 HG High · 〰️ Narrow Moat · 📈 Analyst Conviction · ⚠️ Below 200 DMA,48.8,Narrow,-14.0,-4.0,15.6,61.0,🔥 High,1.6,12.4,0.4,7.7,,0.8,1.79,,0.013,12.4,-4.0,,9.425,18.43,95.54,$9.0B,51.17,0.12,2.24,,-5.77,-11.0,8.0,-36.05,20.85,-6.03,-4.14,,,,2.67,-66.62,0.99,1.07,6.0,12.39,,,,-2.43,1.11,15.54,-39.35,18.43,25.0,95.54
TDOC,"Teladoc Health, Inc.",Healthcare,47.7,HOLD,🔥 HG High · 〰️ Narrow Moat · 📈 Analyst Conviction · ⚠️ High Beta,53.6,Narrow,10.2,-15.2,12.0,53.6,🔥 High,-3.7,5.7,1.3,3.9,,-0.7,1.32,3.7,,11.0,5.8,,5.595,7.68,37.27,$1.0B,-7.13,0.41,0.78,,19.59,-13.0,-4.0,-2.01,68.97,-5.68,-7.13,18.79,,,27.16,-43.41,0.79,2.14,15.28,86.87,100.0,,,-3.22,0.83,6.57,-14.84,7.68,17.0,37.27
VREX,Varex Imaging Corporation,Healthcare,47.5,HOLD,〰️ Narrow Moat,56.3,Narrow,-8.1,8.8,11.8,43.1,📈 Emerging,0.8,-6.4,-9.0,0.9,,2.9,-0.13,-0.9,0.334,10.8,-30.6,,18.49,18.9,2.22,$785M,17.28,0.91,1.57,4.98,10.76,5.0,3.7,-5.64,34.32,10.83,2.55,-5.03,,,103.41,-0.75,0.74,0.97,3.77,98.74,100.0,,,4.15,3.38,13.0,42.23,18.9,2.0,2.22
CTRN,"Citi Trends, Inc.",Consumer Cyclical,47.2,HOLD,🔥 HG High · 〰️ Narrow Moat,57.9,Narrow,-1.3,6.4,10.6,64.7,🔥 High,2.3,11.2,10.8,5.1,,0.9,1.83,11.2,0.059,,294.3,3.9,47.86,91.0,90.14,$399M,17.06,0.46,3.11,2.85,22.09,6.0,10.9,17.13,39.85,-0.88,0.84,0.73,,,55.74,-38.57,1.8,1.82,18.53,102.82,100.0,,,0.68,1.13,52.1,-8.14,91.0,2.0,90.14
COIN,"Coinbase Global, Inc.",Financial Services,47.1,HOLD,🔥 HG High · 〰️ Narrow Moat · ⚠️ High Beta,46.9,Narrow,18.0,-18.3,-5.8,50.2,🔥 High,-16.0,11.6,-2.6,7.5,,-5.2,2.05,26.9,,23.3,,,189.67,207.85,9.59,$50.0B,66.86,8.28,3.83,1.85,65.99,-8.0,-17.3,-24.39,85.81,-13.92,-16.34,5.33,,,36.35,-52.84,0.51,3.41,11.47,68.68,100.0,,,1.12,2.42,185.41,2.3,207.85,33.0,9.59
F,Ford Motor Company,Consumer Cyclical,46.7,HOLD,📈 Analyst Conviction · ⚠️ High Leverage,38.1,Weak,-16.5,-16.2,9.2,47.4,📈 Emerging,-1.3,-10.4,1.3,5.1,,4.9,-0.31,-8.0,,,2.9,,12.145,16.03,31.99,$48.4B,6.21,0.26,1.36,8.48,24.79,-18.0,-3.8,-14.41,7.12,1.88,-3.94,-16.4,,,9.32,-31.69,4.57,1.94,3.27,67.91,100.0,496.0,64.1,0.35,1.09,13.49,-9.97,16.03,18.0,31.99
CPNG,"Coupang, Inc.",Consumer Cyclical,46.4,HOLD,🔥 HG High · 〰️ Narrow Moat · 📈 Analyst Conviction · ⚠️ Below 200 DMA,45.4,Narrow,-13.2,-10.0,14.0,51.8,🔥 High,-1.6,0.4,2.8,2.1,,-0.6,0.04,3.2,0.176,,8.5,,13.915,23.51,68.95,$25.0B,51.07,0.71,8.35,1.11,-528.1,-20.0,3.9,-8.23,28.35,-6.28,-2.16,-0.99,,,4.23,-57.5,1.89,1.17,6.16,83.62,100.0,,,-2.14,0.87,18.11,-23.16,23.51,18.0,68.95
BNTX,BioNTech SE,Healthcare,46.3,HOLD,—,44.9,Weak,3.7,-11.8,-2.0,47.9,📈 Emerging,-16.0,5.0,-3.2,10.0,,-57.8,7.31,-68.9,,73.3,-0.5,,95.905,115.49,20.42,$24.1B,-17.34,9.09,1.21,0.05,-8.11,-9.0,-59.5,-92.22,76.62,-806.63,-63.64,-1.04,,,20.6,-22.66,0.02,1.25,3.48,20.48,100.0,,,-5.41,7.85,97.7,-1.84,115.49,20.0,20.42
S,"SentinelOne, Inc.",Technology,45.6,HOLD,🔥 HG High · 〰️ Narrow Moat · 🚀 Accel Growth · 📐 Rule of 40,61.0,Narrow,5.2,-1.8,18.3,62.2,🔥 High,3.5,21.4,1.6,-2.1,,-1.2,3.69,47.6,0.356,32.3,-7.5,100.1,25.19,24.48,-2.82,$8.8B,54.55,7.98,6.02,,-33.92,-23.0,20.6,6.85,72.54,-22.72,-30.95,3.39,,,113.29,-2.17,,0.71,5.98,86.57,100.0,,,-7.56,1.45,16.68,51.02,24.48,30.0,-2.82
CERS,Cerus Corporation,Healthcare,45.3,HOLD,🔥 HG High · 〰️ Narrow Moat,54.5,Narrow,-4.2,-3.5,16.6,59.0,🔥 High,1.5,0.8,12.4,3.3,,-1.6,-0.35,9.9,0.228,32.9,23.0,21.1,2.265,5.12,126.05,$456M,-453.0,2.06,6.51,,7283.38,-11.0,9.5,1.83,52.05,-3.23,-3.06,0.19,,,64.13,-34.73,1.09,1.83,9.19,73.44,100.0,,,-0.48,1.83,2.43,-6.79,5.12,4.0,126.05
CCJ,Cameco Corporation,Energy,45.3,HOLD,〰️ Narrow Moat · 💰 Income,50.7,Narrow,6.5,3.0,-8.1,47.5,📈 Emerging,-11.2,-4.4,1.3,9.3,,-5.5,1.25,-5.8,,1.1,,,85.7,126.78,47.93,$37.3B,47.17,10.74,7.32,1.92,46.6,5.0,-7.2,37.56,35.11,9.11,10.21,0.13,-92.1,,10.3,-36.63,0.17,1.14,,69.95,,20.0,29.64,2.98,3.06,105.66,-18.89,126.78,11.0,47.93
RIVN,"Rivian Automotive, Inc.",Consumer Cyclical,44.8,HOLD,🚀 Rocket · 〰️ Narrow Moat · 🚀 Accel Growth · 📈 Analyst Conviction,50.3,Narrow,-24.5,3.7,21.4,71.8,🚀 Rocket,14.1,12.5,6.9,10.0,,9.9,1.63,1.0,0.13,31.0,,10.9,14.3,19.23,34.48,$20.7B,-8.2,3.52,3.81,,-7.65,-58.0,27.2,-11.36,7.51,-50.42,-54.95,-7.44,,,15.42,-36.98,1.04,1.62,13.59,40.34,100.0,,,-14.37,2.1,16.16,-11.51,19.23,26.0,34.48
RIOT,"Riot Platforms, Inc.",Financial Services,44.3,HOLD,〰️ Narrow Moat · 📈 Analyst Conviction · ⚠️ High Beta,57.3,Narrow,-12.8,4.6,22.6,47.8,📈 Emerging,-2.5,-2.3,-3.6,3.9,,-8.7,1.74,-92.7,0.833,,-100.0,0.9,19.145,32.36,69.03,$7.2B,-19.92,10.65,3.3,,-8.69,-48.0,13.9,-7.22,28.26,-122.33,-196.28,-10.01,,,66.48,-36.86,0.4,3.76,14.78,87.58,100.0,,,-21.2,1.58,19.34,-1.01,32.36,22.0,69.03
FUBO,fuboTV Inc.,Communication Services,43.9,SELL,🔥 HG High · 〰️ Narrow Moat · ⚠️ High Short · ⚠️ High Beta · ⚠️ Below 200 DMA,46.2,Narrow,-20.5,4.2,8.8,68.0,🔥 High,7.7,5.6,3.6,19.0,,-6.7,1.12,36.1,0.01,4.9,-24.2,48.9,8.6,17.0,97.67,$260M,15.58,0.05,0.31,,,-5.0,38.0,317.26,5.98,-1.8,-0.96,-42.03,,,8.18,-83.68,0.15,2.42,20.89,51.57,100.0,,,-2.26,1.0,14.36,-40.11,17.0,8.0,97.67
MRNA,"Moderna, Inc.",Healthcare,43.9,SELL,🔥 HG High,43.0,Weak,-22.0,-0.1,8.2,54.9,🔥 High,2.4,8.4,-4.8,3.9,,39.9,2.1,15.5,15.39,163.0,-3.9,9.8,189.6185,120.67,-36.36,$75.7B,-42.6,33.98,11.19,,-32.8,-39.0,2.1,-61.18,-66.02,-557.93,-141.43,0.4,,,751.07,-9.23,0.19,1.09,10.06,80.45,100.0,,,-13.26,2.29,68.39,177.26,120.67,18.0,-36.36
WKHS,"Workhorse Group, Inc.",Consumer Cyclical,43.1,SELL,🔥 HG High · 〰️ Narrow Moat · 🚀 Accel Growth · 📐 Rule of 40 Elite · ⚠️ High Short · ⚠️ High Leverage,50.0,Narrow,-24.5,7.0,17.5,63.1,🔥 High,11.0,8.8,-5.0,11.3,,-60.6,-1.67,226.0,0.01,62.1,-5.4,0.0,2.9988,3.0,0.04,$33M,-1.53,1.2,1.2,,-1.68,,374.9,81.51,-81.13,-545.2,-289.04,-123.58,,,29.82,-78.82,10.61,,22.58,9.38,100.0,,,-53.11,1.27,3.5,-14.32,3.0,1.0,0.04
ASST,"Strive, Inc.",Financial Services,41.7,SELL,🔥 HG High · 〰️ Narrow Moat · 🚀 Accel Growth · ⚠️ High Short · ⚠️ High Beta,54.0,Narrow,-24.5,12.2,20.2,64.7,🔥 High,19.0,-18.0,4.6,23.8,,134.2,-3.5,-5258.4,3.834,,,22.4,30.64,33.2,8.36,$3.0B,-28.24,351.96,3.89,,-3.82,-137.0,94.6,82.66,0.0,-8483.03,0.0,-15.21,,,336.47,-44.09,0.0,13.24,28.32,51.6,100.0,,,-72.12,7.62,15.52,97.42,33.2,5.0,8.36
LCID,"Lucid Group, Inc.",Consumer Cyclical,41.5,SELL,🔥 HG High · 〰️ Narrow Moat · 🚀 Accel Growth · ⚠️ High Short · ⚠️ Below 200 DMA,52.1,Narrow,-24.5,1.2,27.4,66.7,🔥 High,11.0,9.0,0.4,12.9,,-6.5,2.67,-161.3,0.085,89.5,-1.7,0.0,4.12,7.94,92.72,$1.6B,-0.82,1.05,-1.53,,-2.07,-126.0,56.2,-16.08,-100.6,-261.01,-249.21,-207.21,,,73.84,-83.67,1.98,1.0,54.36,68.21,100.0,,,-30.7,1.14,7.65,-46.14,7.94,9.0,92.72
BKKT,"Bakkt, Inc.",Technology,40.4,SELL,⚠️ High Short · ⚠️ High Beta,25.6,None,-20.5,-11.8,-16.0,49.4,📈 Emerging,-12.0,-8.0,2.8,16.0,,0.0,0.84,-73.1,,,,1.4,7.811,12.0,53.63,$352M,8.14,0.32,0.99,,-2.52,-10.0,-70.1,-39.44,-9.85,-10.8,-2.78,-9.64,,,16.41,-83.44,0.0,6.07,26.04,28.52,100.0,,,-25.01,3.14,9.58,-18.47,12.0,1.0,53.63
KROS,"Keros Therapeutics, Inc.",Healthcare,39.6,SELL,—,31.2,Weak,-24.5,-11.8,-1.0,43.3,📈 Emerging,-12.0,-11.2,3.6,6.3,,,-23.13,-281.0,,53.1,-95.3,12.6,11.225,19.83,76.66,$223M,-1.7,14.82,0.85,,0.17,-17.0,-100.0,-97.43,0.0,-655.84,0.0,-12.21,,,15.84,-50.22,0.06,1.12,7.79,95.2,100.0,,,-11.78,21.96,12.92,-13.12,19.83,6.0,76.66
AI,"C3.ai, Inc.",Technology,37.5,SELL,⚠️ High Short · ⚠️ High Beta,29.5,Weak,-18.0,-11.8,-10.8,44.9,📈 Emerging,-9.6,-2.8,-14.4,16.5,,2.5,0.07,-18.7,,91.5,-55.6,,11.18,8.3,-25.76,$1.8B,-23.5,7.74,2.57,,-2.64,-60.0,-25.5,-31.33,29.09,-186.29,-192.1,0.88,,,45.67,-44.71,0.09,2.1,28.58,64.07,100.0,,,-31.22,6.16,10.26,8.97,8.3,10.0,-25.76
MARA,"MARA Holdings, Inc.",Financial Services,36.6,SELL,⚠️ High Short · ⚠️ High Beta,34.7,Weak,-1.2,-26.8,-2.2,44.4,📈 Emerging,-16.0,-8.0,2.8,9.9,,-6.6,0.79,-171.9,,3.3,,0.1,10.8678,18.69,71.98,$4.2B,-51.75,5.22,2.5,0.1,-3.45,-106.0,-26.7,-30.82,40.12,-265.21,0.0,-27.82,,,63.18,-53.66,1.4,5.35,30.98,75.85,100.0,,,-26.3,0.89,10.97,-0.93,18.69,13.0,71.98
LI,Li Auto Inc.,Consumer Cyclical,36.4,SELL,📈 Analyst Conviction · ⚠️ Below 200 DMA,28.7,Weak,-16.5,-15.8,-9.9,44.8,📈 Emerging,-14.0,2.2,-5.1,6.5,,-4.5,2.52,-24.4,,10.1,-35.1,,10.905,15.16,39.02,$10.7B,19.67,0.1,1.1,3.94,53.42,-7.0,-15.1,-16.01,13.59,-8.5,-4.4,-91.47,,,2.3,-56.5,0.22,0.49,5.66,4.95,,,,-2.79,1.81,15.38,-29.1,15.16,23.0,39.02
